date,raw_vix,raw_rsi,raw_fng,raw_aaii,raw_naaim,v1,v2,fwd_5d,fwd_10d,fwd_21d,fwd_63d,fwd_126d,fwd_252d
2011-01-07,17.14,68.163,63.0,37.63,78.514,16.88,25.348,0.017,0.015,0.042,0.045,0.038,0.007
2011-01-14,15.46,76.403,60.0,28.9,76.881,17.87,23.452,-0.002,-0.006,0.027,0.02,0.009,0.0
2011-01-21,18.47,60.379,47.0,21.65,70.829,30.454,34.094,-0.005,0.021,0.025,0.042,0.048,0.025
2011-01-28,20.04,52.214,43.0,7.75,76.176,38.863,40.375,0.027,0.041,0.023,0.068,0.012,0.029
2011-02-04,15.93,67.433,49.0,24.67,82.125,21.698,25.296,0.014,0.025,0.008,0.022,-0.085,0.026
2011-02-11,15.69,73.576,56.0,22.49,86.278,18.558,22.683,0.01,-0.001,-0.036,0.006,-0.113,0.017
2011-02-18,16.43,75.835,56.0,21.01,83.732,19.965,24.018,-0.012,-0.024,-0.037,-0.007,-0.163,0.014
2011-02-25,19.22,57.397,42.0,0.49,68.125,39.311,38.619,0.001,-0.012,-0.007,0.004,-0.122,0.036
2011-03-04,19.06,55.41,39.0,3.63,70.917,39.447,39.122,-0.013,-0.032,0.009,-0.016,-0.088,0.033
2011-03-11,20.08,49.112,26.0,3.65,75.342,45.034,44.052,-0.019,0.007,0.015,-0.026,-0.115,0.051
2011-03-18,24.44,45.199,9.0,-11.63,41.0,64.194,64.999,0.027,0.042,0.02,-0.006,-0.049,0.102
2011-03-25,17.91,56.747,19.0,2.77,50.833,46.189,43.553,0.014,0.011,0.025,-0.035,-0.135,0.078
2011-04-01,17.4,62.638,27.0,10.74,70.919,35.269,34.241,-0.003,-0.01,0.018,0.005,-0.151,0.065
2011-04-08,17.87,58.259,37.0,14.74,80.788,32.821,34.198,-0.006,0.005,0.022,-0.007,-0.13,0.023
2011-04-15,15.32,56.593,28.0,11.26,80.634,34.533,33.335,0.012,0.031,0.007,-0.011,-0.072,0.054
2011-04-22,14.69,62.201,30.0,1.17,82.952,32.938,29.675,0.02,0.002,-0.015,0.006,-0.091,0.022
2011-04-29,14.75,69.187,41.0,7.25,81.9,25.978,24.855,-0.017,-0.019,-0.014,-0.052,-0.058,0.025
2011-05-06,18.4,55.173,27.0,3.59,76.129,40.461,38.784,-0.002,-0.005,-0.041,-0.105,-0.059,0.022
2011-05-13,17.07,53.782,32.0,-4.73,74.659,41.581,39.61,-0.003,-0.005,-0.037,-0.119,-0.073,0.0
2011-05-20,17.43,51.82,22.0,-14.6,68.41,48.537,46.904,-0.002,-0.035,-0.028,-0.157,-0.088,-0.013
2011-05-27,15.98,52.32,16.0,-15.81,58.93,50.649,48.656,-0.034,-0.045,-0.026,-0.116,-0.13,0.001
2011-06-03,17.95,38.226,9.0,-3.25,52.857,58.578,56.63,-0.022,-0.022,0.029,-0.074,-0.043,-0.017
2011-06-10,18.86,32.576,5.0,-23.25,42.792,69.866,67.968,0.0,-0.002,0.034,-0.092,-0.029,0.03
2011-06-17,21.85,38.24,7.0,-13.75,25.952,69.763,69.058,-0.002,0.054,0.043,-0.044,-0.044,0.058
2011-06-24,21.1,41.933,11.0,1.72,29.275,62.049,60.72,0.056,0.04,0.05,-0.104,-0.011,0.036
2011-07-01,15.87,64.388,34.0,8.12,31.976,40.345,37.724,-0.015,-0.026,-0.064,-0.155,-0.061,0.019
2011-07-08,15.95,61.889,43.0,17.09,50.387,33.927,34.626,-0.021,0.001,-0.167,-0.133,-0.049,0.006
2011-07-15,19.53,48.859,32.0,10.06,53.933,46.248,46.279,0.022,-0.018,-0.085,-0.085,-0.021,0.028
2011-07-22,17.52,56.905,51.0,9.25,66.308,34.716,35.991,-0.039,-0.108,-0.164,-0.096,-0.022,0.004
2011-07-29,25.25,38.644,16.0,6.42,62.695,57.798,59.762,-0.072,-0.088,-0.064,-0.006,0.016,0.072
2011-08-05,32.0,22.098,5.0,-22.69,32.872,82.384,85.555,-0.017,-0.063,-0.028,0.052,0.121,0.162
2011-08-12,36.36,37.78,6.0,-11.35,21.405,80.867,85.327,-0.047,-0.002,-0.005,0.052,0.147,0.191
2011-08-19,43.05,32.482,6.0,-4.26,28.778,82.868,88.492,0.047,0.045,0.07,0.082,0.212,0.262
2011-08-26,35.59,44.334,12.0,-4.52,20.171,74.379,78.405,-0.002,-0.012,-0.001,-0.015,0.166,0.199
2011-09-02,33.92,44.524,26.0,6.28,22.19,67.187,70.672,-0.01,0.026,-0.043,0.06,0.144,0.197
2011-09-09,38.52,42.923,25.0,-10.07,25.311,74.936,79.922,0.054,-0.015,0.035,0.069,0.188,0.238
2011-09-16,30.98,54.171,38.0,-10.85,26.778,61.228,64.435,-0.065,-0.07,-0.012,-0.0,0.159,0.202
2011-09-23,41.25,38.994,28.0,-22.67,27.904,79.99,86.247,-0.004,0.017,0.104,0.103,0.246,0.282
2011-09-30,42.96,39.72,22.0,-14.28,4.175,83.475,89.057,0.021,0.082,0.108,0.112,0.254,0.277
2011-10-07,36.2,47.656,31.0,-10.48,-3.561,74.878,78.735,0.06,0.072,0.091,0.108,0.176,0.26
2011-10-14,28.24,58.437,41.0,3.41,0.0,58.329,59.573,0.011,0.049,0.022,0.056,0.136,0.176
2011-10-21,31.32,59.777,66.0,1.38,21.318,51.103,57.052,0.038,0.012,-0.037,0.062,0.108,0.158
2011-10-28,24.53,65.468,66.0,18.0,38.116,35.893,42.756,-0.025,-0.017,-0.07,0.021,0.094,0.099
2011-11-04,30.16,57.337,60.0,10.56,45.425,45.578,52.754,0.008,-0.03,0.004,0.075,0.088,0.113
2011-11-11,30.04,56.303,60.0,20.17,44.051,43.882,52.857,-0.038,-0.056,-0.03,0.069,0.053,0.073
2011-11-18,32.0,46.34,46.0,10.89,54.0,53.393,60.006,-0.019,0.034,0.021,0.117,0.083,0.144
2011-11-25,34.47,36.826,51.0,-5.56,34.772,66.873,73.056,0.074,0.083,0.092,0.184,0.15,0.217
2011-12-02,27.52,55.304,67.0,-6.38,30.022,50.624,55.891,0.009,-0.02,0.027,0.08,0.033,0.133
2011-12-09,26.38,54.98,65.0,3.81,34.8,46.869,51.726,-0.028,0.008,0.03,0.112,0.055,0.138
2011-12-16,24.29,46.156,60.0,6.54,35.694,49.926,54.005,0.037,0.047,0.078,0.152,0.113,0.177
2011-12-23,20.73,57.873,77.0,5.49,36.624,38.202,42.907,0.009,0.021,0.042,0.116,0.043,0.121
2011-12-30,23.4,54.2,75.0,9.773,43.561,39.888,46.478,0.018,0.029,0.053,0.128,0.086,0.16
2012-01-06,20.63,58.822,78.0,31.72,43.136,29.596,39.662,0.009,0.03,0.054,0.082,0.058,0.143
2012-01-13,20.91,61.97,83.0,31.96,49.341,25.921,36.784,0.021,0.019,0.048,0.062,0.05,0.142
2012-01-20,18.28,68.846,88.0,23.62,52.5,21.058,29.595,0.001,0.022,0.036,0.048,0.036,0.136
2012-01-27,18.53,67.792,82.0,29.487,56.333,20.73,30.163,0.022,0.02,0.042,0.066,0.053,0.141
2012-02-03,17.1,74.55,88.0,18.731,67.523,17.856,25.404,-0.002,0.012,-0.001,0.018,0.034,0.124
2012-02-10,20.79,67.837,83.0,31.456,72.659,18.364,29.636,0.014,0.019,0.04,0.008,0.047,0.132
2012-02-17,17.78,72.325,80.0,16.08,73.0,19.509,26.335,0.005,0.002,0.033,-0.048,0.042,0.104
2012-02-24,17.31,68.461,79.0,16.181,76.275,19.462,26.114,0.003,0.004,0.037,-0.033,0.027,0.11
2012-03-02,17.29,60.906,68.0,17.683,73.78,25.549,30.984,0.001,0.025,0.036,-0.067,0.022,0.125
2012-03-09,17.11,59.019,70.0,13.383,57.368,30.321,34.7,0.024,0.019,-0.009,-0.033,0.049,0.134
2012-03-16,14.47,67.314,77.0,18.41,71.789,18.747,24.315,-0.005,0.003,-0.01,-0.044,0.044,0.11
2012-03-23,14.82,58.724,71.0,14.57,68.641,26.082,30.283,0.008,-0.011,-0.018,-0.044,0.045,0.119
2012-03-30,15.5,57.72,63.0,16.99,71.971,27.398,31.288,-0.019,-0.028,-0.002,-0.033,0.023,0.108
2012-04-06,16.7,48.883,55.0,10.374,69.816,36.359,38.421,-0.02,-0.014,-0.02,-0.031,0.045,0.136
2012-04-13,19.55,43.622,38.0,-13.42,51.929,53.951,53.911,0.006,0.024,-0.023,-0.01,0.046,0.133
2012-04-20,17.44,47.771,35.0,-2.662,46.139,49.438,47.038,0.018,-0.007,-0.045,-0.012,0.057,0.145
2012-04-27,16.32,56.417,41.0,-9.756,48.307,44.455,42.708,-0.024,-0.036,-0.051,-0.012,0.007,0.128
2012-05-04,19.16,42.448,41.0,6.934,63.683,46.22,46.89,-0.011,-0.054,-0.061,0.016,0.035,0.193
2012-05-11,19.89,37.695,25.0,-16.667,64.209,58.113,57.655,-0.043,-0.026,-0.022,0.039,0.02,0.226
2012-05-18,25.1,20.959,12.0,-22.388,58.714,70.811,72.989,0.017,-0.013,0.048,0.095,0.071,0.278
2012-05-25,21.76,37.469,13.0,-8.203,31.78,66.332,65.7,-0.03,-0.007,0.002,0.071,0.062,0.255
2012-06-01,26.66,28.543,10.0,-14.008,28.651,76.243,78.338,0.037,0.051,0.068,0.095,0.103,0.259
2012-06-08,21.23,48.103,19.0,-18.301,49.321,58.452,58.357,0.013,0.007,0.012,0.085,0.07,0.216
2012-06-15,21.11,52.819,35.0,-1.754,43.629,49.81,48.571,-0.006,0.014,0.016,0.092,0.065,0.213
2012-06-22,18.11,49.637,33.0,-2.99,52.332,48.227,46.05,0.02,0.013,0.002,0.094,0.069,0.201
2012-06-29,17.08,58.856,53.0,-15.7,44.844,43.557,43.84,-0.007,-0.006,0.013,0.058,0.074,0.186
2012-07-06,17.1,55.213,51.0,-0.69,63.281,38.353,37.682,0.002,0.006,0.029,0.079,0.076,0.22
2012-07-13,16.74,52.96,45.0,-4.502,61.846,41.662,40.529,0.004,0.022,0.035,0.056,0.085,0.239
2012-07-20,16.27,53.134,51.0,-19.597,67.735,42.635,43.478,0.017,0.021,0.041,0.069,0.097,0.237
2012-07-27,16.7,59.034,61.0,-15.016,74.389,35.517,37.646,0.004,0.014,0.018,0.019,0.084,0.216
2012-08-03,15.64,57.949,63.0,-4.478,67.805,33.584,34.498,0.011,0.02,0.01,0.019,0.087,0.216
2012-08-10,14.74,64.636,70.0,9.118,70.753,24.209,27.092,0.009,0.004,0.02,-0.018,0.081,0.199
2012-08-17,13.45,68.161,79.0,8.772,76.259,18.71,22.417,-0.005,-0.008,0.029,-0.022,0.059,0.158
2012-08-24,15.18,60.38,70.0,16.084,69.205,25.22,29.685,-0.003,0.013,0.022,-0.009,0.073,0.159
2012-08-31,17.47,56.064,59.0,2.083,82.894,31.975,33.533,0.016,0.039,0.028,0.0,0.098,0.177
2012-09-07,14.38,69.951,83.0,0.0,77.426,19.639,22.388,0.019,0.015,0.012,-0.013,0.081,0.175
2012-09-14,14.51,76.985,93.0,3.472,72.994,17.726,21.865,-0.004,-0.017,-0.017,-0.024,0.063,0.177
2012-09-21,13.98,65.941,93.0,3.716,81.186,17.677,22.002,-0.013,0.001,-0.018,-0.023,0.07,0.159
2012-09-28,15.73,51.761,71.0,-0.361,69.75,33.724,35.699,0.014,-0.008,-0.02,0.015,0.083,0.176
2012-10-05,14.33,61.206,78.0,0.633,76.029,25.097,27.593,-0.022,-0.019,-0.045,0.0,0.091,0.134
2012-10-12,16.14,46.12,56.0,-8.273,64.594,42.847,43.462,0.003,-0.012,-0.051,0.031,0.079,0.205
2012-10-19,17.06,49.882,56.0,-15.888,65.375,43.37,44.943,-0.015,-0.003,-0.029,0.043,0.106,0.219
2012-10-26,17.81,42.451,40.0,-13.836,64.385,50.507,50.43,0.012,-0.026,0.003,0.061,0.131,0.249
2012-11-02,17.59,47.491,50.0,-5.246,75.113,41.536,41.858,-0.024,-0.038,-0.005,0.069,0.15,0.25
2012-11-09,18.61,38.787,39.0,-1.408,57.953,51.289,50.234,-0.014,0.019,0.035,0.101,0.196,0.284
2012-11-16,16.41,36.965,28.0,-20.0,67.22,55.623,54.51,0.034,0.036,0.064,0.112,0.227,0.317
2012-11-23,15.14,55.915,47.0,-4.965,64.2,38.287,36.771,0.005,0.006,0.012,0.062,0.178,0.281
2012-11-30,15.87,58.683,50.0,6.564,55.189,35.744,35.325,0.001,-0.002,0.033,0.087,0.152,0.272
2012-12-07,15.9,61.89,51.0,7.619,75.711,29.594,30.073,-0.003,0.009,0.03,0.095,0.147,0.275
2012-12-14,17.0,59.413,57.0,13.158,82.906,27.594,30.736,0.012,0.009,0.042,0.095,0.169,0.264
2012-12-21,17.84,62.501,56.0,21.6,80.187,25.284,30.086,-0.003,0.019,0.045,0.093,0.11,0.278
2012-12-28,22.72,46.646,66.0,14.179,88.103,34.968,42.351,0.042,0.049,0.071,0.12,0.152,0.313
2013-01-04,13.83,69.422,82.0,2.509,75.981,19.373,22.282,0.004,0.013,0.031,0.066,0.119,0.246
2013-01-11,13.36,67.538,85.0,19.527,83.267,13.667,20.194,0.009,0.019,0.032,0.055,0.143,0.236
2013-01-18,12.46,72.967,89.0,16.62,84.672,11.439,17.35,0.01,0.007,0.017,0.051,0.141,0.241
2013-01-25,12.89,78.531,91.0,28.07,86.384,8.141,16.651,0.007,0.01,-0.004,0.053,0.126,0.185
2013-02-01,12.9,76.733,88.0,23.743,104.25,7.107,14.951,0.003,0.004,0.018,0.067,0.13,0.151
2013-02-08,13.02,71.165,83.0,13.208,94.061,12.015,17.286,0.001,-0.02,0.023,0.076,0.114,0.186
2013-02-15,12.46,72.883,84.0,13.521,89.854,12.178,17.244,-0.021,0.004,0.019,0.097,0.09,0.211
2013-02-22,14.17,57.047,78.0,9.286,91.067,21.892,26.556,0.002,0.023,0.024,0.089,0.093,0.219
2013-03-01,15.36,57.158,60.0,-8.202,82.766,32.319,33.477,0.022,0.028,0.034,0.074,0.079,0.216
2013-03-08,12.59,68.153,82.0,-7.453,90.146,18.779,21.824,0.006,0.004,0.011,0.059,0.067,0.21
2013-03-15,11.3,71.288,77.0,13.39,85.638,14.125,18.098,-0.002,0.001,0.009,0.042,0.082,0.191
2013-03-22,13.57,60.425,69.0,5.611,79.769,24.753,26.726,0.003,0.004,0.014,0.023,0.098,0.193
2013-03-29,12.7,65.419,72.0,9.742,80.064,19.942,22.698,-0.01,0.013,0.016,0.028,0.083,0.184
2013-04-05,13.92,51.662,52.0,7.324,72.708,33.768,33.724,0.023,0.001,0.041,0.051,0.081,0.201
2013-04-12,12.06,64.216,57.0,-35.172,77.251,34.878,31.197,-0.021,-0.004,0.028,0.057,0.065,0.143
2013-04-19,14.97,48.732,41.0,-21.37,69.63,45.972,45.081,0.017,0.038,0.071,0.088,0.114,0.204
2013-04-26,13.61,57.57,53.0,-10.526,69.903,35.416,34.667,0.02,0.033,0.049,0.069,0.107,0.182
2013-05-03,12.85,64.218,64.0,-4.93,80.613,25.808,26.04,0.012,0.033,0.011,0.059,0.088,0.167
2013-05-10,12.59,69.326,77.0,13.357,79.106,16.198,20.217,0.021,0.01,-0.005,0.035,0.069,0.161
2013-05-17,12.45,72.845,91.0,9.148,84.232,12.988,17.594,-0.011,-0.016,-0.009,-0.007,0.074,0.131
2013-05-24,13.99,59.613,75.0,27.397,82.018,18.362,25.689,-0.006,-0.004,-0.037,0.008,0.089,0.159
2013-05-31,16.3,50.945,60.0,6.324,77.193,33.58,35.603,0.008,-0.002,-0.01,0.005,0.108,0.18
2013-06-07,15.14,54.437,40.0,-9.474,51.584,44.076,41.885,-0.01,-0.031,0.005,0.007,0.086,0.187
2013-06-14,17.15,49.933,29.0,-1.622,61.897,45.938,43.128,-0.021,-0.013,0.03,0.038,0.091,0.191
2013-06-21,18.9,41.341,19.0,7.491,51.525,53.28,52.354,0.009,0.03,0.063,0.074,0.136,0.232
2013-06-28,16.86,48.488,22.0,-4.893,34.214,54.208,50.56,0.021,0.047,0.05,0.053,0.146,0.22
2013-07-05,14.89,55.375,38.0,18.15,39.91,39.257,39.074,0.03,0.037,0.046,0.029,0.122,0.212
2013-07-12,13.84,66.904,61.0,30.638,47.078,23.587,28.199,0.007,0.007,0.006,0.007,0.097,0.177
2013-07-19,12.54,68.537,68.0,26.481,61.729,18.551,23.272,-0.0,0.01,-0.027,0.024,0.087,0.166
2013-07-26,12.72,63.691,64.0,22.559,87.497,17.73,22.069,0.011,-0.0,-0.021,0.036,0.053,0.17
2013-08-02,11.98,70.536,62.0,10.616,74.053,20.135,21.024,-0.011,-0.031,-0.041,0.027,0.019,0.134
2013-08-09,13.41,61.07,44.0,12.853,75.704,28.318,28.083,-0.021,-0.017,-0.004,0.033,0.064,0.145
2013-08-16,14.37,42.088,39.0,6.338,69.846,42.295,40.953,0.005,-0.014,0.03,0.081,0.112,0.191
2013-08-23,13.98,49.84,27.0,-13.9,34.765,52.616,48.615,-0.018,0.005,0.02,0.08,0.109,0.201
2013-08-30,17.01,39.185,20.0,2.795,46.923,54.903,52.174,0.024,0.04,0.038,0.106,0.148,0.226
2013-09-06,15.85,51.734,36.0,4.28,42.259,45.161,42.621,0.02,0.033,0.013,0.078,0.134,0.209
2013-09-13,14.16,62.234,48.0,20.93,66.75,27.243,28.986,0.013,0.002,0.013,0.052,0.101,0.175
2013-09-20,13.12,63.01,57.0,15.414,62.481,26.545,27.897,-0.011,-0.011,0.02,0.058,0.086,0.166
2013-09-27,15.46,54.065,41.0,5.442,80.466,34.785,33.925,-0.001,0.007,0.042,0.088,0.107,0.169
2013-10-04,16.74,54.939,34.0,7.77,73.133,37.547,36.671,0.008,0.032,0.046,0.081,0.091,0.162
2013-10-11,15.72,57.93,31.0,7.749,54.261,39.702,37.469,0.024,0.033,0.04,0.068,0.075,0.101
2013-10-18,13.04,65.202,56.0,21.359,82.045,20.193,23.051,0.009,0.01,0.027,0.057,0.077,0.091
2013-10-25,13.09,67.001,62.0,31.629,79.37,16.097,21.719,0.001,0.006,0.024,0.019,0.067,0.115
2013-11-01,13.28,63.523,67.0,23.49,94.593,15.962,21.359,0.005,0.021,0.019,-0.004,0.06,0.145
2013-11-08,12.9,59.321,68.0,23.676,84.808,19.502,24.744,0.016,0.019,0.018,0.028,0.072,0.151
2013-11-15,12.19,67.0,71.0,11.728,80.667,18.37,21.142,0.004,0.002,-0.01,0.017,0.042,0.135
2013-11-22,12.26,63.46,68.0,4.913,87.429,21.142,22.472,-0.002,0.002,0.016,0.022,0.058,0.147
2013-11-29,13.7,61.724,70.0,19.048,101.449,16.59,21.939,-0.0,-0.017,0.024,0.038,0.066,0.137
2013-12-06,13.79,59.808,63.0,15.094,94.749,21.051,24.533,-0.016,0.007,0.018,0.035,0.081,0.141
2013-12-13,15.76,46.303,38.0,16.265,100.693,32.868,34.691,0.024,0.037,0.041,0.055,0.094,0.121
2013-12-20,13.79,64.631,52.0,22.373,94.346,19.1,22.246,0.013,0.011,0.006,0.026,0.072,0.143
2013-12-27,12.46,70.392,72.0,36.517,98.944,7.01,15.311,-0.008,-0.012,-0.036,0.017,0.065,0.135
2014-01-03,13.76,60.963,66.0,13.821,95.032,20.114,23.756,0.006,0.004,-0.042,0.018,0.08,0.103
2014-01-10,12.14,66.66,66.0,18.617,92.274,15.461,19.171,-0.002,-0.033,-0.012,-0.014,0.073,0.101
2014-01-17,12.44,57.547,59.0,17.507,96.834,20.997,23.948,-0.031,-0.053,-0.005,0.018,0.073,0.1
2014-01-24,18.14,38.0,27.0,14.36,95.134,42.369,43.676,-0.004,0.004,0.031,0.041,0.105,0.149
2014-01-31,18.41,43.031,20.0,-0.575,70.941,50.019,47.973,0.008,0.031,0.051,0.055,0.08,0.134
2014-02-07,15.29,51.351,22.0,-8.511,50.972,49.208,45.69,0.023,0.028,0.039,0.045,0.075,0.139
2014-02-14,13.57,61.713,30.0,12.808,73.26,31.411,29.684,0.005,0.004,0.018,0.021,0.063,0.142
2014-02-21,14.68,63.41,48.0,19.4,75.948,25.57,27.466,0.013,0.023,0.012,0.031,0.085,0.149
2014-02-28,14.0,68.726,56.0,18.557,91.62,17.902,20.794,0.01,-0.01,0.007,0.034,0.074,0.139
2014-03-07,14.11,69.545,81.0,13.881,89.061,14.252,19.784,-0.02,-0.006,-0.018,0.038,0.069,0.107
2014-03-14,17.82,51.535,44.0,14.525,85.205,33.917,36.262,0.014,0.009,-0.006,0.052,0.078,0.13
2014-03-21,15.0,58.441,56.0,10.632,89.839,26.097,28.049,-0.005,-0.001,0.007,0.052,0.077,0.127
2014-03-28,14.41,52.314,36.0,2.55,91.123,34.503,32.513,0.004,-0.023,0.011,0.056,0.067,0.123
2014-04-04,13.96,54.141,49.0,8.571,91.432,29.1,29.416,-0.026,0.004,0.001,0.06,0.055,0.113
2014-04-11,17.03,38.952,21.0,-5.629,85.209,49.282,47.6,0.031,0.03,0.045,0.089,0.05,0.154
2014-04-18,13.36,52.911,28.0,-7.034,75.92,40.49,36.907,-0.001,0.009,0.011,0.061,-0.001,0.126
2014-04-25,14.06,50.604,35.0,8.479,76.576,36.734,35.259,0.01,0.008,0.026,0.062,0.047,0.132
2014-05-02,12.91,55.979,32.0,0.324,82.626,34.655,30.882,-0.001,-0.002,0.023,0.023,0.06,0.124
2014-05-09,12.92,54.228,42.0,-0.318,76.812,34.86,31.966,-0.0,0.012,0.038,0.028,0.081,0.121
2014-05-16,12.44,51.909,28.0,10.51,78.18,35.496,33.065,0.012,0.025,0.034,0.041,0.086,0.134
2014-05-23,11.36,58.186,37.0,4.037,67.229,34.052,30.644,0.013,0.027,0.026,0.046,0.08,0.107
2014-05-30,11.4,64.717,45.0,13.26,72.521,25.823,25.029,0.013,0.007,0.019,0.038,0.078,0.098
2014-06-06,10.73,73.59,81.0,17.284,90.865,11.306,16.711,-0.007,0.007,0.007,0.03,0.063,0.067
2014-06-13,12.18,62.596,85.0,23.438,87.301,13.511,20.577,0.014,0.013,0.019,0.026,0.051,0.077
2014-06-20,10.85,73.512,95.0,11.046,88.594,10.52,15.768,-0.001,0.008,0.011,0.024,0.05,0.082
2014-06-27,11.26,67.676,76.0,16.129,88.155,14.299,18.79,0.009,0.008,0.005,0.011,0.065,0.049
2014-07-04,10.32,73.871,86.0,16.119,85.477,11.675,17.092,-0.009,-0.004,-0.023,-0.02,0.037,0.042
2014-07-11,12.08,56.253,57.0,8.989,82.468,26.79,27.257,0.005,0.005,-0.016,-0.02,0.039,0.067
2014-07-18,12.06,54.982,46.0,3.884,81.914,30.998,29.041,0.0,-0.027,-0.003,-0.058,0.021,0.076
2014-07-25,12.69,53.652,34.0,-0.309,82.746,35.395,31.77,-0.027,-0.024,0.01,-0.014,0.04,0.045
2014-08-01,17.03,33.324,5.0,0.0,81.62,54.607,52.198,0.003,0.016,0.04,0.036,0.05,0.09
2014-08-08,15.77,44.173,10.0,-7.339,50.868,55.268,52.813,0.012,0.029,0.029,0.052,0.06,0.089
2014-08-15,13.15,53.21,14.0,12.853,50.612,43.081,40.944,0.017,0.025,0.022,0.043,0.074,0.075
2014-08-22,11.47,63.401,37.0,22.455,56.771,28.931,28.648,0.008,0.007,-0.003,0.032,0.064,-0.048
2014-08-29,12.09,68.129,41.0,32.692,78.843,18.858,21.554,-0.001,-0.01,-0.016,0.032,0.052,-0.016
2014-09-05,12.09,69.051,50.0,20.71,82.491,18.863,20.26,-0.011,0.001,-0.021,0.032,0.036,-0.043
2014-09-12,13.31,50.054,43.0,13.782,63.629,36.137,35.852,0.013,-0.001,-0.056,0.025,0.048,-0.016
2014-09-19,12.11,56.169,36.0,19.255,67.078,31.565,31.091,-0.014,-0.021,-0.053,0.025,0.047,-0.022
2014-09-26,14.85,44.1,13.0,13.605,59.756,47.033,46.279,-0.008,-0.039,-0.011,0.053,0.052,-0.051
2014-10-03,14.55,42.449,5.0,4.514,41.032,55.262,51.308,-0.031,-0.041,0.025,0.027,0.055,0.01
2014-10-10,21.24,32.324,1.0,8.896,33.139,66.386,65.126,-0.01,0.031,0.069,0.064,0.1,0.058
2014-10-17,21.99,38.457,7.0,8.967,9.974,67.271,66.671,0.041,0.07,0.082,0.072,0.112,0.078
2014-10-24,16.11,56.612,13.0,27.188,41.378,41.957,43.466,0.027,0.034,0.053,0.033,0.076,0.054
2014-10-31,14.03,65.77,32.0,28.302,74.784,25.133,26.741,0.007,0.011,0.024,0.016,0.035,0.043
2014-11-07,13.12,67.395,55.0,37.634,77.681,16.158,21.868,0.004,0.016,0.014,0.018,0.033,0.023
2014-11-14,13.31,66.957,53.0,38.621,85.432,15.116,21.042,0.012,0.007,-0.033,0.029,0.043,0.007
2014-11-21,12.9,72.836,59.0,25.294,72.064,18.107,21.693,-0.005,-0.002,0.009,0.024,0.029,0.011
2014-11-28,13.33,70.494,59.0,31.353,86.78,13.956,19.326,0.004,-0.032,0.006,0.019,0.02,0.006
2014-12-05,11.89,66.686,61.0,16.736,86.064,18.06,20.431,-0.035,-0.002,-0.024,-0.015,0.002,0.001
2014-12-12,21.08,39.664,31.0,22.68,89.012,41.981,46.245,0.034,0.044,0.004,0.036,0.047,0.01
2014-12-19,16.49,60.438,33.0,11.858,65.117,35.401,34.736,0.01,-0.033,-0.004,0.01,0.026,-0.024
2014-12-26,14.5,64.46,48.0,32.075,90.592,18.818,23.513,-0.033,-0.029,-0.041,-0.001,-0.015,-0.015
2015-01-02,17.79,54.246,37.0,32.433,95.863,27.332,32.658,-0.007,-0.019,-0.004,0.011,0.005,-0.022
2015-01-09,17.55,49.721,29.0,13.309,71.114,40.753,40.819,-0.012,0.006,0.012,0.023,0.027,-0.059
2015-01-16,20.95,45.902,26.0,24.611,87.126,39.664,43.519,0.019,0.001,0.04,0.04,0.054,-0.068
2015-01-23,16.66,53.078,31.0,6.349,89.012,36.2,35.228,-0.028,0.002,0.031,0.032,0.014,-0.085
2015-01-30,20.97,43.6,25.0,21.779,92.622,40.638,44.07,0.03,0.051,0.057,0.057,0.055,-0.028
2015-02-06,17.29,56.041,52.0,3.072,88.242,31.942,32.755,0.02,0.026,-0.006,0.029,0.011,-0.098
2015-02-13,14.69,62.844,73.0,19.672,84.054,19.17,24.962,0.006,0.01,-0.011,0.012,-0.003,-0.096
2015-02-20,14.3,65.979,80.0,29.139,87.811,12.806,21.341,-0.003,-0.018,-0.003,0.01,-0.035,-0.078
2015-02-27,13.34,60.42,74.0,25.075,99.226,14.833,21.804,-0.016,-0.024,-0.009,0.001,-0.056,-0.082
2015-03-06,15.2,45.621,58.0,16.447,92.151,30.333,34.174,-0.009,0.018,0.002,0.01,-0.058,-0.034
2015-03-13,16.0,44.054,39.0,6.189,65.679,43.347,42.443,0.027,0.004,0.021,0.02,-0.045,-0.016
2015-03-20,13.02,58.356,43.0,-4.321,65.679,35.895,33.057,-0.022,-0.013,-0.005,0.001,-0.071,-0.027
2015-03-27,15.07,48.098,36.0,14.05,84.321,35.567,35.967,0.01,0.015,0.026,0.02,-0.063,-0.003
2015-04-03,14.67,51.571,40.0,3.436,75.864,37.09,35.351,0.017,0.007,0.023,0.005,-0.069,-0.0
2015-04-10,12.58,58.701,56.0,4.556,86.726,26.38,26.105,-0.01,0.007,0.002,-0.012,-0.042,-0.029
2015-04-17,13.89,50.138,57.0,9.283,86.668,30.227,31.741,0.018,0.013,0.023,0.022,-0.028,0.006
2015-04-24,12.29,57.019,66.0,8.282,75.885,26.25,27.767,-0.004,-0.001,-0.006,-0.018,-0.031,-0.014
2015-05-01,12.7,53.001,61.0,8.885,90.597,26.459,28.061,0.004,0.007,0.001,-0.002,-0.009,-0.013
2015-05-08,12.86,54.47,58.0,0.216,80.304,30.664,29.865,0.003,0.005,-0.017,-0.018,-0.008,-0.027
2015-05-15,12.38,56.646,57.0,0.388,60.379,33.376,31.622,0.002,-0.005,-0.012,-0.015,-0.036,-0.026
2015-05-22,12.13,57.226,60.0,0.212,67.605,30.906,29.662,-0.007,-0.022,-0.001,-0.073,-0.021,-0.037
2015-05-29,13.84,47.249,43.0,1.862,65.504,40.523,38.263,-0.007,-0.006,-0.024,-0.057,-0.009,-0.004
2015-06-05,14.21,42.89,40.0,2.709,71.07,42.242,40.255,0.001,0.008,-0.005,-0.068,-0.021,0.008
2015-06-12,13.78,45.637,30.0,-12.547,68.704,46.849,44.086,0.008,0.004,0.007,-0.064,-0.02,-0.007
2015-06-19,13.96,51.83,30.0,-8.893,58.637,44.981,41.513,-0.004,-0.02,0.004,-0.072,-0.032,-0.013
2015-06-26,14.02,47.075,33.0,13.889,58.964,41.04,39.949,-0.016,-0.001,-0.004,-0.081,-0.019,-0.048
2015-07-03,16.79,41.315,16.0,-12.476,54.843,56.714,54.9,-0.0,0.024,0.01,-0.074,-0.016,0.013
2015-07-10,16.83,45.516,14.0,-1.269,54.991,52.211,49.464,0.024,0.001,0.013,-0.03,-0.074,0.029
2015-07-17,11.95,51.23,34.0,7.568,52.24,40.245,36.934,-0.022,-0.011,-0.011,-0.048,-0.116,0.019
2015-07-24,13.74,38.382,15.0,6.94,52.342,51.848,49.154,0.012,-0.001,-0.09,-0.013,-0.097,0.043
2015-07-31,12.12,50.378,20.0,-19.598,50.75,50.646,47.004,-0.012,-0.006,-0.063,-0.007,-0.078,0.032
2015-08-07,13.39,43.819,10.0,-7.338,63.168,51.284,48.272,0.007,-0.051,-0.052,0.011,-0.108,0.05
2015-08-14,12.83,51.415,11.0,-5.697,48.079,49.494,45.409,-0.058,-0.049,-0.054,-0.022,-0.094,0.047
2015-08-21,28.03,27.061,8.0,-6.513,41.48,73.182,75.144,0.009,-0.025,-0.014,0.056,-0.025,0.107
2015-08-28,26.05,42.953,14.0,-5.769,28.314,66.539,67.072,-0.034,-0.018,-0.053,0.051,-0.005,0.096
2015-09-04,27.8,38.039,10.0,0.712,23.848,70.319,71.428,0.017,0.024,0.031,0.089,0.03,0.138
2015-09-11,23.2,45.339,14.0,-0.359,26.036,62.413,61.225,-0.002,-0.015,0.029,0.046,0.03,0.101
2015-09-18,22.28,45.182,18.0,4.132,31.574,58.804,57.928,-0.014,-0.003,0.039,0.043,0.048,0.092
2015-09-25,23.62,40.275,18.0,3.426,21.336,64.439,63.768,0.01,0.043,0.072,0.067,0.064,0.111
2015-10-02,20.94,48.102,24.0,-11.813,16.391,62.21,60.111,0.033,0.042,0.078,0.031,0.048,0.108
2015-10-09,17.08,60.264,43.0,9.333,38.298,39.904,39.222,0.009,0.03,0.032,-0.045,0.023,0.074
2015-10-16,15.05,59.334,45.0,6.939,44.269,37.923,36.39,0.021,0.023,0.01,-0.075,0.033,0.046
2015-10-23,14.46,62.301,59.0,10.742,35.667,33.988,34.468,0.002,0.012,0.006,-0.083,0.008,0.037
2015-10-30,15.07,60.822,70.0,19.804,56.712,26.488,31.245,0.01,-0.027,0.011,-0.085,-0.008,0.023
2015-11-06,14.33,61.548,71.0,20.4,69.165,22.758,27.842,-0.036,-0.005,-0.017,-0.118,-0.007,0.015
2015-11-13,20.08,38.824,45.0,11.268,68.583,45.826,48.35,0.033,0.028,0.01,-0.048,0.012,0.07
2015-11-20,15.47,55.607,54.0,0.22,58.465,37.127,36.084,-0.004,-0.006,-0.024,-0.076,-0.006,0.052
2015-11-27,15.12,57.436,58.0,6.326,70.445,31.24,32.142,0.001,-0.037,-0.006,-0.053,0.003,0.053
2015-12-04,14.81,52.362,58.0,8.295,68.115,33.529,34.748,-0.038,-0.041,-0.048,-0.054,0.01,0.054
2015-12-11,24.39,35.196,24.0,-1.379,67.916,58.214,58.426,-0.003,0.022,-0.061,0.002,0.031,0.122
2015-12-18,20.7,37.602,29.0,-15.513,61.324,58.227,58.318,0.025,0.006,-0.068,0.022,0.042,0.128
2015-12-25,15.74,52.306,42.0,-5.112,56.657,43.065,41.142,-0.023,-0.067,-0.086,-0.003,-0.029,0.098
2016-01-01,18.21,47.761,45.0,1.458,47.669,46.657,45.695,-0.06,-0.08,-0.069,0.011,0.029,0.095
2016-01-08,27.01,29.819,17.0,-16.087,50.257,71.292,73.887,-0.022,-0.023,-0.036,0.062,0.112,0.18
2016-01-15,27.02,28.931,10.0,-27.626,34.496,78.736,79.765,-0.002,0.031,0.025,0.114,0.152,0.206
2016-01-22,22.34,38.923,14.0,-27.184,34.496,70.021,68.832,0.017,-0.014,0.008,0.097,0.141,0.188
2016-01-29,20.2,49.291,27.0,-10.211,42.25,54.915,53.273,-0.031,-0.039,0.02,0.064,0.12,0.176
2016-02-05,23.38,43.408,17.0,-7.17,22.407,65.336,64.554,-0.008,0.035,0.053,0.094,0.161,0.219
2016-02-12,25.4,42.645,24.0,-29.459,32.871,69.24,67.876,0.043,0.036,0.081,0.098,0.171,0.249
2016-02-19,20.53,52.459,50.0,-10.242,41.052,49.213,49.981,0.016,0.043,0.07,0.064,0.14,0.226
2016-02-26,19.81,58.683,57.0,-0.221,31.655,43.561,43.758,0.027,0.038,0.055,0.073,0.115,0.216
2016-03-04,16.86,67.354,71.0,2.767,54.436,29.016,31.09,0.011,0.025,0.023,0.05,0.085,0.188
2016-03-11,16.5,67.572,75.0,12.984,51.013,25.98,30.371,0.014,0.007,0.02,0.037,0.052,0.174
2016-03-18,14.02,70.183,79.0,3.099,62.717,22.325,24.704,-0.006,0.008,0.025,0.011,0.044,0.158
2016-03-25,14.74,62.343,66.0,10.067,59.585,28.152,30.354,0.018,0.006,0.025,0.038,0.069,0.151
2016-04-01,13.1,69.309,78.0,1.42,67.941,21.588,23.307,-0.012,0.004,0.004,0.013,0.038,0.14
2016-04-08,15.36,55.42,68.0,10.731,73.208,28.766,32.215,0.016,0.021,0.005,0.04,0.055,0.15
2016-04-15,13.62,63.238,70.0,2.954,63.973,27.005,28.085,0.005,-0.007,-0.007,0.039,0.025,0.129
2016-04-22,13.22,65.825,74.0,9.483,82.497,19.289,22.555,-0.013,-0.016,-0.021,0.04,0.024,0.135
2016-04-29,15.7,55.066,63.0,-1.234,74.188,32.981,33.898,-0.004,-0.009,0.015,0.052,0.033,0.156
2016-05-06,14.72,49.409,61.0,-8.01,67.659,38.509,39.286,-0.005,-0.002,0.027,0.061,0.015,0.166
2016-05-13,15.04,44.431,54.0,-10.884,49.547,46.968,46.677,0.003,0.026,0.014,0.067,0.059,0.174
2016-05-20,15.2,48.772,56.0,-14.758,60.169,43.356,43.97,0.023,0.028,0.018,0.064,0.066,0.166
2016-05-27,13.12,62.172,78.0,-11.637,64.667,29.09,31.641,0.005,-0.01,-0.03,0.033,0.054,0.15
2016-06-03,13.47,62.409,75.0,1.117,68.941,25.778,27.346,-0.001,-0.013,-0.005,0.034,0.044,0.161
2016-06-10,17.03,54.396,61.0,0.0,74.8,34.235,35.308,-0.012,-0.028,0.027,0.015,0.072,0.159
2016-06-17,19.41,48.638,53.0,-12.153,75.959,43.22,45.298,-0.016,0.015,0.045,0.033,0.092,0.185
2016-06-24,25.76,38.834,42.0,-13.258,69.348,56.456,59.9,0.032,0.049,0.065,0.062,0.11,0.197
2016-07-01,14.77,54.762,71.0,-4.509,74.515,31.622,33.651,0.016,0.03,0.026,0.031,0.065,0.155
2016-07-08,13.2,58.692,78.0,4.405,65.433,26.723,29.25,0.015,0.021,0.024,0.014,0.069,0.14
2016-07-15,12.67,64.183,89.0,12.442,96.523,13.172,18.857,0.006,0.005,0.013,-0.014,0.052,0.138
2016-07-22,12.02,64.941,86.0,8.704,92.64,14.64,18.97,-0.001,0.004,0.003,-0.015,0.041,0.136
2016-07-29,11.87,62.526,79.0,2.841,101.018,17.227,20.067,0.004,0.005,0.003,-0.019,0.049,0.137
2016-08-05,11.39,60.33,86.0,3.014,93.053,18.271,21.618,0.001,0.0,0.002,-0.043,0.05,0.137
2016-08-12,11.55,60.708,75.0,4.535,92.863,19.94,22.353,-0.0,-0.007,-0.026,-0.008,0.066,0.129
2016-08-19,11.34,62.322,77.0,9.205,98.792,16.379,20.128,-0.007,-0.002,-0.02,0.001,0.083,0.112
2016-08-26,13.65,53.126,63.0,-0.213,97.8,27.509,28.288,0.005,-0.005,-0.004,0.02,0.09,0.127
2016-09-02,11.98,55.905,65.0,-2.92,88.1,27.157,27.458,-0.01,-0.019,-0.014,0.005,0.086,0.127
2016-09-09,17.5,35.719,43.0,1.266,90.854,43.982,44.092,0.005,0.017,0.017,0.056,0.115,0.169
2016-09-16,15.37,42.227,43.0,-7.982,68.55,45.979,44.875,0.012,0.014,-0.006,0.057,0.11,0.17
2016-09-23,12.29,52.301,54.0,-13.457,79.315,35.758,35.308,0.002,-0.005,-0.006,0.044,0.082,0.153
2016-09-30,13.29,53.807,49.0,-13.111,84.517,35.592,34.933,-0.007,-0.016,-0.019,0.033,0.088,0.166
2016-10-07,13.48,48.135,51.0,0.893,78.485,35.869,34.522,-0.01,-0.006,-0.01,0.053,0.094,0.182
2016-10-14,16.12,41.165,41.0,-8.255,86.532,43.917,43.489,0.004,-0.003,0.015,0.063,0.098,0.199
2016-10-21,13.34,46.465,43.0,-14.076,63.703,44.903,43.282,-0.007,-0.026,0.027,0.065,0.116,0.198
2016-10-28,16.19,40.432,32.0,-9.314,66.47,50.411,48.584,-0.019,0.018,0.037,0.072,0.125,0.21
2016-11-04,22.51,31.006,14.0,-10.682,58.083,65.258,66.022,0.038,0.046,0.061,0.1,0.15,0.243
2016-11-11,14.17,63.397,48.0,9.556,72.963,28.27,27.97,0.008,0.017,0.05,0.08,0.109,0.194
2016-11-18,12.85,66.523,61.0,20.081,83.422,18.441,21.718,0.009,0.01,0.041,0.083,0.099,0.183
2016-11-25,12.34,73.669,72.0,27.813,86.562,11.577,17.773,-0.01,0.021,0.025,0.068,0.09,0.175
2016-12-02,14.12,63.917,71.0,18.675,98.018,16.083,21.557,0.031,0.03,0.036,0.08,0.108,0.204
2016-12-09,11.75,79.274,87.0,16.632,101.603,8.442,14.474,-0.001,0.002,0.007,0.047,0.08,0.177
2016-12-16,12.2,63.044,84.0,12.329,96.232,14.492,19.59,0.003,-0.0,0.002,0.038,0.079,0.191
2016-12-23,11.44,60.598,66.0,15.452,101.328,17.638,21.063,-0.003,0.002,0.015,0.042,0.069,0.184
2016-12-30,14.04,50.421,58.0,19.831,100.596,24.689,28.846,0.013,0.013,0.018,0.054,0.085,0.204
2017-01-06,11.32,62.04,70.0,20.973,99.426,14.852,19.88,-0.001,-0.005,0.007,0.035,0.066,0.207
2017-01-13,11.23,59.219,57.0,16.667,89.293,21.965,24.019,-0.004,0.003,0.028,0.033,0.081,0.221
2017-01-20,11.54,56.549,54.0,4.331,94.086,26.025,25.46,0.01,0.011,0.041,0.034,0.089,0.247
2017-01-27,10.58,59.74,59.0,-1.914,99.283,23.952,23.524,0.001,0.009,0.03,0.039,0.077,0.244
2017-02-03,10.97,60.262,60.0,-1.376,94.016,24.41,23.911,0.008,0.023,0.031,0.044,0.078,0.153
2017-02-10,10.85,66.696,69.0,8.148,96.265,16.562,18.748,0.015,0.023,0.021,0.032,0.054,0.147
2017-02-17,11.49,71.145,77.0,0.727,95.893,15.24,17.067,0.008,0.01,-0.003,0.013,0.032,0.155
2017-02-24,11.47,70.692,68.0,6.154,100.828,14.862,16.544,0.007,0.002,-0.011,0.02,0.03,0.174
2017-03-03,10.96,64.204,74.0,2.288,102.069,17.526,19.484,-0.004,-0.002,-0.01,0.023,0.037,0.142
2017-03-10,11.66,55.094,66.0,-16.5,87.089,30.96,32.586,0.002,-0.012,-0.007,0.025,0.037,0.173
2017-03-17,11.28,57.74,45.0,-7.532,80.773,32.859,30.577,-0.014,-0.007,-0.015,0.023,0.051,0.141
2017-03-24,12.96,45.216,30.0,4.775,68.683,42.148,38.9,0.008,0.005,0.019,0.04,0.068,0.134
2017-03-31,12.37,56.05,47.0,-7.165,68.282,35.974,33.682,-0.003,-0.006,0.012,0.026,0.066,0.107
2017-04-07,12.87,51.99,40.0,-11.321,71.024,40.252,37.975,-0.003,0.008,0.018,0.031,0.082,0.128
2017-04-14,15.96,40.626,25.0,-8.411,82.948,48.029,45.793,0.008,0.024,0.032,0.056,0.095,0.15
2017-04-21,14.63,51.895,35.0,-12.994,74.205,42.339,40.478,0.015,0.022,0.019,0.053,0.091,0.137
2017-04-28,10.82,57.433,50.0,6.342,88.092,27.08,26.115,0.006,0.003,0.012,0.037,0.074,0.111
2017-05-05,10.57,60.947,47.0,8.122,82.31,26.634,25.441,-0.003,-0.007,0.013,0.032,0.075,0.114
2017-05-12,10.4,49.948,62.0,2.518,95.198,27.957,28.412,-0.004,0.01,0.021,0.021,0.081,0.142
2017-05-19,12.04,49.241,49.0,-10.398,94.62,34.283,33.312,0.014,0.023,0.023,0.018,0.086,0.147
2017-05-26,9.81,58.299,58.0,2.857,97.491,24.038,23.832,0.008,0.006,0.001,0.011,0.077,0.113
2017-06-02,9.75,66.084,57.0,-4.615,95.863,22.539,21.794,-0.003,-0.002,-0.004,0.013,0.085,0.126
2017-06-09,10.7,62.491,54.0,5.906,92.098,23.059,22.59,0.001,0.003,-0.003,0.012,0.084,0.144
2017-06-16,10.38,62.214,50.0,2.789,93.371,24.522,22.908,0.002,-0.004,0.011,0.028,0.09,0.14
2017-06-23,10.02,55.817,52.0,3.742,92.694,27.217,26.221,-0.006,-0.004,0.016,0.026,0.101,0.114
2017-06-30,11.18,53.298,49.0,2.857,97.47,28.343,26.984,0.002,0.015,0.022,0.04,0.103,0.125
2017-07-07,11.19,50.728,49.0,-0.282,93.356,31.235,29.288,0.014,0.02,0.023,0.052,0.131,0.148
2017-07-14,9.51,61.607,64.0,-1.389,90.99,23.546,23.51,0.005,0.005,0.003,0.037,0.133,0.138
2017-07-21,9.36,64.564,73.0,9.677,85.819,18.535,21.344,-0.0,0.002,-0.018,0.036,0.146,0.135
2017-07-28,10.29,60.094,70.0,10.135,96.39,19.141,22.028,0.002,-0.012,-0.011,0.036,0.154,0.134
2017-08-04,10.03,53.612,64.0,4.012,90.948,26.201,27.02,-0.014,-0.021,-0.008,0.042,0.069,0.151
2017-08-11,15.51,33.919,28.0,1.333,83.819,47.85,45.466,-0.006,0.001,0.023,0.059,0.088,0.156
2017-08-18,14.26,33.851,17.0,1.376,85.192,48.907,46.304,0.007,0.021,0.033,0.066,0.12,0.178
2017-08-25,11.28,45.619,27.0,-10.193,87.934,41.752,38.349,0.014,0.018,0.022,0.065,0.123,0.186
2017-09-01,10.13,58.004,50.0,-14.894,84.083,32.905,31.881,0.005,0.011,0.023,0.067,0.102,0.17
2017-09-08,12.12,54.361,38.0,-6.464,88.656,34.19,31.456,0.016,0.017,0.034,0.071,0.131,0.169
2017-09-15,10.17,66.407,77.0,19.318,97.125,12.142,17.698,0.001,0.008,0.023,0.061,0.085,0.155
2017-09-22,9.59,65.284,70.0,12.925,102.042,15.127,18.532,0.007,0.019,0.025,0.073,0.062,0.167
2017-09-29,9.51,74.221,85.0,4.598,106.625,11.851,15.391,0.012,0.013,0.021,0.061,0.038,0.161
2017-10-06,9.65,77.015,92.0,2.8,109.2,10.9,14.652,0.002,0.01,0.016,0.078,0.042,0.131
2017-10-13,9.61,73.142,73.0,12.865,95.838,13.016,16.607,0.009,0.011,0.012,0.087,0.06,0.077
2017-10-20,9.97,80.71,90.0,10.0,95.375,10.425,15.274,0.002,0.005,0.003,0.102,0.023,0.07
2017-10-27,9.8,63.102,73.0,6.607,91.369,18.924,21.341,0.003,0.0,0.018,0.094,0.029,0.023
2017-11-03,9.14,59.067,66.0,16.483,83.08,21.53,24.686,-0.002,-0.003,0.016,0.041,0.032,0.058
2017-11-10,11.29,58.19,54.0,22.028,87.23,22.152,24.769,-0.001,0.007,0.032,0.031,0.05,0.056
2017-11-17,11.43,62.485,44.0,-5.87,78.51,30.723,28.005,0.009,0.023,0.04,0.047,0.056,0.043
2017-11-24,9.67,67.509,59.0,6.479,88.369,20.152,20.291,0.015,0.019,0.03,0.055,0.034,0.027
2017-12-01,11.43,78.071,70.0,4.324,97.337,15.452,16.993,0.004,0.013,0.027,0.033,0.04,0.056
2017-12-08,9.58,72.813,64.0,2.658,89.837,18.568,18.682,0.009,0.012,0.036,0.043,0.051,-0.006
2017-12-15,9.42,68.706,68.0,16.875,120.556,12.828,16.62,0.003,0.007,0.046,0.015,0.032,-0.048
2017-12-22,9.9,70.495,66.0,24.876,101.845,10.581,15.597,0.005,0.025,0.058,-0.026,0.015,-0.08
2017-12-29,11.04,65.855,53.0,32.011,96.293,14.211,18.695,0.028,0.038,0.056,-0.022,0.02,-0.061
2018-01-05,9.22,78.729,75.0,44.198,90.398,6.92,15.663,0.016,0.033,-0.018,-0.047,0.015,-0.062
2018-01-12,10.16,82.143,79.0,23.599,88.882,10.524,16.866,0.017,0.024,-0.044,-0.039,0.004,-0.063
2018-01-19,11.27,75.422,80.0,32.724,86.34,8.551,16.731,0.022,-0.017,-0.033,-0.05,-0.003,-0.063
2018-01-26,11.08,81.501,79.0,21.428,95.38,9.767,15.883,-0.039,-0.088,-0.045,-0.071,-0.019,-0.081
2018-02-02,17.31,42.941,40.0,16.013,84.93,38.333,40.556,-0.052,-0.011,-0.012,-0.036,0.028,-0.009
2018-02-09,29.06,33.652,10.0,2.015,75.9,62.676,66.204,0.043,0.061,0.056,0.041,0.082,0.048
2018-02-16,19.46,50.543,18.0,27.107,65.43,41.594,44.943,0.017,-0.004,-0.006,-0.007,0.043,0.019
2018-02-23,16.49,52.57,18.0,21.86,62.69,40.319,41.351,-0.02,0.014,-0.032,-0.007,0.04,0.017
2018-03-02,19.59,44.788,10.0,13.873,81.0,46.359,48.339,0.035,0.023,-0.029,0.016,0.078,0.037
2018-03-09,14.64,58.859,44.0,-1.98,72.05,34.741,32.618,-0.012,-0.071,-0.047,-0.003,0.031,0.002
2018-03-16,15.8,53.333,19.0,15.512,85.35,36.3,36.425,-0.06,-0.062,-0.017,0.01,0.056,0.029
2018-03-23,24.87,32.089,7.0,4.748,77.28,60.106,61.998,-0.002,0.01,0.018,0.064,0.132,0.089
2018-03-30,19.97,45.192,8.0,-3.393,49.36,57.473,55.852,-0.014,0.006,0.003,0.029,0.103,0.086
2018-04-06,21.49,43.172,9.0,-4.741,55.57,58.464,57.995,0.02,0.025,0.026,0.06,0.114,0.112
2018-04-13,17.41,49.047,23.0,-16.667,65.12,50.884,49.328,0.005,0.005,0.028,0.055,0.027,0.094
2018-04-20,16.88,50.281,38.0,8.564,77.64,38.076,38.077,-0.0,-0.003,0.024,0.049,0.037,0.099
2018-04-27,15.41,52.937,40.0,11.356,64.2,37.288,36.991,-0.002,0.022,0.007,0.056,0.013,0.103
2018-05-04,14.77,49.192,40.0,-1.852,52.56,44.333,41.491,0.024,0.019,0.032,0.066,0.029,0.083
2018-05-11,12.65,59.132,55.0,7.979,69.82,28.939,28.69,-0.005,-0.002,0.022,0.039,0.029,0.039
2018-05-18,13.42,57.65,52.0,16.095,85.43,25.679,27.371,0.003,0.012,0.018,0.051,0.006,0.056
2018-05-25,13.22,56.997,44.0,13.399,83.95,28.433,28.578,0.009,0.022,0.001,0.056,-0.033,0.023
2018-06-01,13.46,55.702,52.0,8.664,82.24,29.178,29.398,0.016,0.016,-0.003,0.061,0.001,0.025
2018-06-08,12.18,65.453,63.0,12.214,91.67,18.415,20.472,0.0,-0.009,0.005,0.033,-0.053,0.038
2018-06-15,11.98,64.376,61.0,23.077,103.93,14.843,18.918,-0.009,-0.022,0.011,0.045,-0.065,0.05
2018-06-22,13.77,56.102,53.0,12.535,89.2,26.64,28.077,-0.013,0.011,0.024,0.063,-0.123,0.059
2018-06-29,16.09,46.062,34.0,-12.356,85.06,44.167,43.192,0.024,0.029,0.036,0.072,-0.078,0.094
2018-07-06,13.37,58.374,40.0,-11.421,76.38,36.371,34.3,0.015,0.015,0.033,0.051,-0.076,0.08
2018-07-13,12.18,61.282,47.0,13.898,88.56,23.901,24.077,0.0,0.006,0.007,-0.026,-0.078,0.072
2018-07-20,12.86,58.043,53.0,9.726,82.01,27.159,27.431,0.006,0.014,0.02,-0.012,-0.06,0.073
2018-07-27,13.03,59.772,67.0,4.62,84.96,24.303,25.75,0.008,0.005,0.028,-0.04,-0.063,0.069
2018-08-03,11.64,60.542,71.0,-2.965,76.36,25.998,26.715,-0.002,0.003,0.02,-0.035,-0.036,0.015
2018-08-10,13.16,52.494,60.0,5.329,87.6,28.729,29.6,0.006,0.015,0.019,-0.009,-0.031,0.033
2018-08-17,12.64,58.807,54.0,7.092,78.27,27.827,27.517,0.009,0.018,0.019,-0.042,-0.023,0.018
2018-08-24,11.99,62.218,68.0,11.396,86.46,20.15,22.636,0.009,0.001,0.014,-0.084,-0.029,-0.002
2018-08-31,12.86,61.418,71.0,19.106,98.3,16.269,21.402,-0.008,-0.004,0.008,-0.049,-0.045,0.012
2018-09-07,14.88,54.027,52.0,15.926,85.01,28.66,30.97,0.012,0.02,0.004,-0.083,-0.028,0.038
2018-09-14,12.07,64.776,73.0,-0.746,90.19,20.211,21.363,0.008,0.003,-0.053,-0.105,-0.025,0.035
2018-09-21,11.68,68.827,75.0,0.0,83.92,18.802,19.866,-0.005,-0.015,-0.059,-0.175,-0.038,0.013
2018-09-28,12.12,52.429,47.0,5.118,90.73,30.046,28.783,-0.01,-0.05,-0.094,-0.14,-0.016,0.009
2018-10-05,14.82,36.862,33.0,20.548,84.49,39.948,41.482,-0.041,-0.041,-0.051,-0.108,-0.003,0.003
2018-10-12,21.31,22.977,11.0,-4.848,52.86,65.09,64.941,0.0,-0.039,-0.015,-0.057,0.051,0.083
2018-10-19,19.89,31.776,14.0,-1.083,67.76,58.666,57.833,-0.039,-0.016,-0.028,-0.047,0.058,0.082
2018-10-26,24.16,26.039,7.0,-13.027,51.49,70.244,71.356,0.024,0.046,0.009,0.008,0.1,0.142
2018-11-02,19.51,45.216,8.0,3.448,61.47,53.0,51.932,0.021,0.005,-0.008,0.003,0.057,0.129
2018-11-09,17.36,52.725,18.0,10.092,64.96,43.351,42.509,-0.016,-0.039,-0.047,-0.01,0.025,0.112
2018-11-16,18.14,49.189,10.0,-0.877,35.13,55.985,53.298,-0.023,0.02,-0.084,0.014,0.044,0.14
2018-11-23,21.52,39.663,9.0,-21.886,30.55,69.53,69.274,0.048,0.002,-0.063,0.061,0.057,0.19
2018-11-30,18.07,54.64,22.0,-5.592,53.21,48.372,45.676,-0.044,-0.078,-0.113,0.004,0.024,0.121
2018-12-07,23.23,38.546,11.0,7.447,61.96,57.295,58.978,-0.013,-0.082,-0.018,0.06,0.096,0.191
2018-12-14,21.63,34.453,8.0,-27.966,55.51,68.942,67.887,-0.071,-0.036,0.006,0.089,0.122,0.228
2018-12-21,30.11,20.485,3.0,-22.432,31.96,81.552,83.617,0.037,0.065,0.093,0.166,0.207,0.334
2018-12-28,28.34,37.375,12.0,-18.75,47.59,70.753,74.173,0.026,0.039,0.079,0.153,0.193,0.296
2019-01-04,21.38,46.619,16.0,-9.748,59.43,55.741,55.497,0.025,0.055,0.081,0.142,0.175,0.282
2019-01-11,18.19,56.284,30.0,9.091,66.8,39.646,38.956,0.029,0.018,0.057,0.12,0.161,0.266
2019-01-18,17.8,64.521,51.0,-2.719,75.51,32.26,32.176,-0.01,0.02,0.043,0.089,0.118,0.243
2019-01-25,17.42,62.897,58.0,5.343,72.84,29.919,31.47,0.016,0.016,0.048,0.103,0.136,0.217
2019-02-01,16.14,67.625,61.0,0.0,76.33,26.679,27.118,0.0,0.026,0.031,0.088,0.083,0.2
2019-02-08,15.72,65.309,61.0,17.089,83.39,21.853,25.707,0.025,0.033,0.031,0.064,0.078,0.238
2019-02-15,14.91,73.895,70.0,10.03,82.01,19.169,22.499,0.007,0.006,0.021,0.03,0.041,0.214
2019-02-22,13.51,73.8,69.0,13.932,77.86,18.224,21.489,0.004,-0.018,0.002,0.011,0.047,0.155
2019-03-01,13.57,71.758,72.0,21.633,79.33,15.447,20.712,-0.022,0.007,0.023,-0.018,0.043,0.102
2019-03-08,16.05,47.417,55.0,10.638,73.9,35.745,37.762,0.029,0.021,0.056,0.047,0.086,0.001
2019-03-15,12.88,62.039,65.0,1.365,77.4,25.788,25.969,-0.008,0.004,0.029,0.023,0.066,-0.155
2019-03-22,16.48,49.427,59.0,13.889,78.25,32.564,36.047,0.012,0.033,0.047,0.053,0.068,-0.201
2019-03-29,13.71,58.556,49.0,6.0,61.69,33.305,32.022,0.021,0.026,0.039,0.038,0.045,-0.073
2019-04-05,12.82,69.265,74.0,6.751,91.92,16.081,18.857,0.005,0.005,-0.003,0.029,0.02,-0.079
2019-04-12,12.01,69.167,74.0,19.904,88.9,12.867,17.786,0.0,0.012,-0.025,0.037,0.022,-0.021
2019-04-19,12.09,62.281,70.0,15.736,93.37,17.316,21.177,0.012,0.014,-0.022,0.025,0.032,-0.028
2019-04-26,12.73,62.826,72.0,13.352,92.43,17.884,21.787,0.002,-0.02,-0.047,0.029,0.024,-0.021
2019-05-03,12.87,61.029,60.0,17.683,89.8,20.726,23.729,-0.022,-0.029,-0.048,-0.005,0.031,-0.035
2019-05-10,16.04,46.689,44.0,19.928,82.02,34.355,37.073,-0.008,-0.019,0.001,0.013,0.071,0.017
2019-05-17,15.96,43.492,36.0,-9.474,72.82,46.687,45.313,-0.012,-0.04,0.02,0.01,0.083,0.033
2019-05-24,15.85,40.164,27.0,-11.372,70.07,51.097,48.911,-0.029,0.021,0.032,0.007,0.098,0.059
2019-05-31,18.71,30.457,24.0,-15.289,59.69,61.649,60.718,0.044,0.049,0.077,0.063,0.146,0.11
2019-06-07,16.3,56.241,32.0,-20.055,54.99,47.567,45.964,0.005,0.027,0.037,0.037,0.085,0.125
2019-06-14,15.28,57.172,38.0,-7.359,74.26,38.145,36.228,0.022,0.019,0.041,0.042,0.098,0.062
2019-06-21,15.4,64.822,50.0,-2.623,74.91,30.691,29.483,-0.003,0.009,0.019,0.014,0.086,0.057
2019-06-28,15.08,63.698,50.0,-2.466,72.28,31.511,30.113,0.012,0.025,0.024,0.007,0.101,0.038
2019-07-05,13.28,68.648,61.0,0.802,79.36,23.318,22.854,0.008,-0.005,-0.049,-0.027,0.082,0.063
2019-07-12,12.39,68.652,64.0,6.111,87.34,19.157,20.051,-0.012,0.004,-0.043,-0.025,0.083,0.047
2019-07-19,14.45,55.442,44.0,7.286,81.85,32.038,31.457,0.017,-0.015,-0.018,0.007,0.119,0.092
2019-07-26,12.16,62.352,60.0,-0.281,95.75,22.858,22.326,-0.031,-0.035,-0.049,-0.005,0.072,0.071
2019-08-02,17.61,38.167,36.0,14.375,91.41,40.848,42.769,-0.005,-0.015,-0.009,0.036,0.108,0.124
2019-08-09,17.97,42.367,25.0,-26.539,56.59,58.397,55.496,-0.01,-0.025,0.021,0.057,0.149,0.151
2019-08-16,18.47,42.278,20.0,-21.674,58.08,58.285,57.177,-0.014,0.013,0.041,0.072,0.167,0.171
2019-08-23,19.87,38.922,18.0,-13.084,70.18,56.796,56.631,0.028,0.046,0.042,0.09,0.099,0.205
2019-08-30,18.98,49.84,23.0,-16.08,59.99,52.488,51.324,0.018,0.024,0.005,0.073,0.026,0.196
2019-09-06,15.0,58.346,35.0,-10.864,56.15,42.456,39.851,0.01,0.004,-0.013,0.047,-0.078,0.15
2019-09-13,13.74,64.734,68.0,1.875,75.76,24.655,25.596,-0.005,-0.015,-0.014,0.054,-0.207,0.125
2019-09-20,15.32,58.465,58.0,7.519,77.09,29.241,30.627,-0.01,-0.013,0.005,0.071,-0.252,0.097
2019-09-27,17.22,51.832,52.0,-3.888,64.85,40.415,40.348,-0.003,0.003,0.026,0.094,-0.113,0.132
2019-10-04,17.04,47.09,32.0,-18.066,57.39,51.693,50.527,0.006,0.012,0.043,0.1,-0.098,0.155
2019-10-11,15.58,52.633,42.0,-23.65,57.32,47.289,45.705,0.005,0.018,0.039,0.107,-0.042,0.19
2019-10-18,14.25,55.435,50.0,2.564,57.08,36.833,35.14,0.012,0.027,0.045,0.112,-0.084,0.148
2019-10-25,12.65,62.613,62.0,7.33,65.67,26.792,27.232,0.015,0.023,0.037,0.084,-0.053,0.125
2019-11-01,12.3,66.745,80.0,5.542,88.94,16.668,19.859,0.009,0.017,0.009,0.075,-0.065,0.079
2019-11-08,12.07,70.659,91.0,16.373,92.26,9.305,15.402,0.009,0.006,0.013,0.086,-0.072,0.148
2019-11-15,12.05,72.613,87.0,15.904,72.25,14.21,19.288,-0.003,-0.002,0.023,0.085,-0.063,0.162
2019-11-22,12.34,63.741,69.0,5.211,78.23,22.623,23.907,0.001,0.008,0.036,0.002,-0.024,0.15
2019-11-29,12.62,66.939,78.0,3.364,76.66,20.2,22.429,0.002,0.009,0.029,-0.044,-0.019,0.153
2019-12-06,13.62,62.456,70.0,2.589,77.8,24.722,26.166,0.007,0.024,0.034,-0.084,0.019,0.174
2019-12-13,12.63,63.853,75.0,11.579,78.71,19.887,23.409,0.017,0.017,0.038,-0.202,-0.014,0.151
2019-12-20,12.51,72.949,91.0,23.622,98.9,6.479,14.353,0.0,0.005,0.032,-0.24,-0.028,0.147
2019-12-27,13.43,72.53,91.0,20.354,97.44,8.245,15.804,0.002,0.015,0.01,-0.189,-0.058,0.153
2020-01-03,14.02,63.23,93.0,15.341,86.99,14.995,21.829,0.009,0.029,0.019,-0.231,-0.017,0.144
2020-01-10,12.56,64.214,91.0,3.175,94.16,15.467,19.402,0.02,-0.007,0.028,-0.154,-0.034,0.164
2020-01-17,12.1,77.434,89.0,14.327,89.47,10.796,16.265,-0.026,-0.024,0.017,-0.152,-0.023,0.141
2020-01-24,14.56,56.796,62.0,20.833,93.75,22.072,26.867,-0.021,0.01,-0.051,-0.139,-0.024,0.17
2020-01-31,18.84,37.425,44.0,-4.878,77.07,48.179,48.645,0.032,0.048,-0.069,-0.122,0.014,0.17
2020-02-07,15.47,53.455,57.0,-1.344,62.49,37.189,36.835,0.016,-0.031,-0.134,-0.12,0.007,0.177
2020-02-14,13.68,61.2,55.0,14.933,86.08,23.651,25.59,-0.046,-0.086,-0.252,-0.153,-0.002,0.163
2020-02-21,17.08,52.939,44.0,11.888,87.91,32.805,34.394,-0.115,-0.109,-0.33,-0.117,0.014,0.161
2020-02-28,40.11,17.625,10.0,-8.696,65.03,77.168,85.13,0.006,-0.082,-0.111,0.03,0.18,0.321
2020-03-06,41.94,32.398,6.0,-0.901,29.03,82.02,87.36,-0.088,-0.225,-0.104,0.075,0.162,0.286
2020-03-13,57.83,33.598,5.0,-21.569,16.59,89.275,95.291,-0.15,-0.063,0.05,0.122,0.232,0.464
2020-03-20,66.04,27.932,8.0,-16.794,10.65,90.468,97.107,0.103,0.08,0.187,0.344,0.44,0.71
2020-03-27,65.54,41.921,23.0,-19.171,25.87,79.058,85.597,-0.021,0.087,0.127,0.184,0.298,0.563
2020-04-03,46.8,39.85,22.0,-15.489,23.67,79.813,86.083,0.11,0.134,0.153,0.278,0.345,0.637
2020-04-10,41.67,54.308,43.0,-8.069,26.74,65.916,72.938,0.03,0.017,0.05,0.142,0.236,0.48
2020-04-17,38.15,54.806,44.0,-7.888,28.71,63.706,70.136,-0.013,-0.015,0.028,0.122,0.212,0.448
2020-04-24,35.93,52.815,39.0,-25.137,45.34,65.101,70.464,-0.002,0.033,0.055,0.134,0.217,0.476
2020-05-01,37.19,51.915,42.0,-13.433,78.55,56.283,64.181,0.035,0.012,0.088,0.156,0.169,0.481
2020-05-08,27.98,57.092,45.0,-28.994,67.95,52.527,54.997,-0.023,0.009,0.095,0.144,0.198,0.43
2020-05-15,31.89,48.596,39.0,-27.301,57.71,62.393,66.104,0.032,0.067,0.091,0.178,0.235,0.454
2020-05-22,28.16,56.411,50.0,-16.017,63.22,49.698,54.534,0.034,0.094,0.059,0.149,0.212,0.42
2020-05-29,27.51,62.04,52.0,-9.055,81.65,40.593,45.27,0.049,-0.001,0.003,0.145,0.192,0.381
2020-06-05,24.52,74.884,66.0,-4.319,91.6,28.503,33.744,-0.048,-0.03,-0.015,0.082,0.148,0.323
2020-06-12,36.09,51.998,66.0,-3.774,77.48,48.455,58.221,0.019,-0.011,0.051,0.099,0.206,0.399
2020-06-19,35.12,52.377,66.0,-23.418,88.25,50.33,60.593,-0.029,0.026,0.052,0.072,0.202,0.364
2020-06-26,34.73,44.168,66.0,-24.765,76.57,56.829,66.457,0.057,0.049,0.07,0.096,0.231,0.426
2020-07-03,27.68,52.341,66.0,-23.734,71.47,48.469,55.228,0.018,0.03,0.053,0.08,0.2,0.391
2020-07-10,27.29,51.608,59.0,-15.517,85.09,45.179,51.726,0.012,0.01,0.055,0.082,0.201,0.377
2020-07-17,25.68,59.928,63.0,-14.537,90.53,37.736,44.106,-0.003,0.014,0.049,0.08,0.169,0.321
2020-07-24,25.84,58.75,63.0,-20.775,97.88,38.528,45.496,0.017,0.042,0.067,0.074,0.199,0.375
2020-07-31,24.46,58.409,65.0,-28.244,97.44,39.268,44.115,0.025,0.031,0.07,0.012,0.154,0.341
2020-08-07,22.21,66.411,72.0,-24.315,94.55,31.856,37.541,0.006,0.014,-0.006,0.047,0.168,0.323
2020-08-14,22.05,68.132,72.0,-12.088,101.2,26.735,32.864,0.007,0.04,0.008,0.049,0.166,0.328
2020-08-21,22.54,56.555,70.0,-12.014,100.13,33.254,39.566,0.033,0.009,-0.024,0.054,0.143,0.319
2020-08-28,22.96,68.678,78.0,-7.547,106.56,24.776,31.732,-0.023,-0.035,-0.049,0.037,0.103,0.291
2020-09-04,30.75,54.838,59.0,-10.97,94.71,42.975,50.691,-0.013,-0.043,-0.019,0.079,0.131,0.319
2020-09-11,26.87,47.097,58.0,-24.742,53.09,56.041,60.636,-0.006,-0.013,0.058,0.098,0.188,0.338
2020-09-18,25.83,48.857,52.0,-8.374,59.3,50.284,53.9,-0.006,0.009,0.032,0.121,0.187,0.313
2020-09-25,26.38,42.709,49.0,-21.097,55.3,58.331,62.544,0.015,0.054,0.031,0.123,0.204,0.347
2020-10-02,27.63,52.141,40.0,-16.832,58.25,54.652,58.269,0.038,0.04,-0.011,0.105,0.217,0.284
2020-10-09,25.0,64.069,55.0,-4.225,73.05,37.698,41.098,0.002,-0.003,0.021,0.093,0.191,0.254
2020-10-16,27.41,60.85,62.0,-0.966,102.93,33.424,39.401,-0.005,-0.061,0.041,0.09,0.187,0.288
2020-10-23,27.55,61.342,67.0,2.715,87.07,33.944,40.75,-0.056,0.013,0.032,0.111,0.208,0.318
2020-10-30,38.02,39.887,29.0,0.0,77.87,62.268,68.245,0.073,0.096,0.12,0.17,0.274,0.411
2020-11-06,24.86,58.581,40.0,6.482,69.2,41.435,43.914,0.022,0.014,0.055,0.114,0.183,0.34
2020-11-13,23.1,66.667,59.0,30.964,96.3,20.794,30.296,-0.008,0.01,0.031,0.097,0.151,0.306
2020-11-20,23.7,63.289,62.0,17.992,106.41,24.815,32.675,0.018,0.038,0.036,0.103,0.177,0.316
2020-11-27,20.84,67.499,92.0,19.78,106.74,14.22,24.798,0.017,0.007,0.024,0.064,0.155,0.28
2020-12-04,20.79,70.83,89.0,26.394,103.17,11.88,23.417,-0.01,0.003,0.013,0.048,0.143,0.241
2020-12-11,23.31,63.65,76.0,21.201,106.11,20.753,31.126,0.013,0.02,0.04,0.082,0.159,0.274
2020-12-18,21.57,64.252,63.0,17.132,101.47,22.827,29.806,0.007,0.005,0.039,0.054,0.145,0.231
2020-12-25,21.53,60.462,54.0,21.577,89.11,27.56,33.833,-0.001,0.026,0.013,0.072,0.159,0.294
2021-01-01,22.75,64.329,51.0,19.281,82.97,28.9,34.487,0.018,0.003,0.019,0.086,0.159,0.269
2021-01-08,21.56,70.448,71.0,13.46,94.51,20.362,27.49,-0.015,0.008,0.023,0.079,0.146,0.223
2021-01-15,24.34,65.06,60.0,13.46,106.76,25.919,32.815,0.023,0.001,0.043,0.105,0.13,0.237
2021-01-22,21.91,62.098,69.0,8.075,112.93,25.211,31.503,-0.033,0.012,0.01,0.088,0.148,0.145
2021-01-29,33.09,41.457,38.0,-0.649,83.51,55.196,60.359,0.046,0.059,0.042,0.126,0.183,0.193
2021-02-05,20.87,61.165,68.0,1.765,79.15,30.882,34.794,0.012,-0.003,-0.003,0.089,0.141,0.158
2021-02-12,19.97,68.066,77.667,19.192,110.28,16.328,25.134,-0.015,-0.008,0.007,0.061,0.136,0.123
2021-02-19,22.05,66.58,56.24,21.672,108.32,22.223,29.221,-0.024,-0.017,0.009,0.065,0.128,0.121
2021-02-26,27.95,53.623,53.52,22.15,84.99,36.342,45.225,0.008,0.035,0.042,0.102,0.173,0.15
2021-03-05,24.66,58.811,41.52,14.935,65.37,39.526,43.602,0.026,0.019,0.06,0.101,0.181,0.127
2021-03-12,20.69,68.86,53.72,25.882,48.62,29.838,35.15,-0.008,0.008,0.05,0.077,0.131,0.066
2021-03-19,20.95,60.298,50.833,25.352,78.55,29.029,35.028,0.016,0.042,0.057,0.065,0.133,0.141
2021-03-26,18.86,64.103,37.567,30.38,57.52,31.236,35.247,0.026,0.039,0.053,0.077,0.121,0.143
2021-04-02,17.33,65.396,46.4,22.619,52.02,30.771,33.398,0.027,0.041,0.043,0.075,0.072,0.127
2021-04-09,16.69,68.963,47.5,36.513,89.95,17.25,23.481,0.014,0.012,0.014,0.058,0.066,0.09
2021-04-16,16.25,73.56,51.3,29.236,96.57,16.153,21.425,-0.001,-0.001,-0.005,0.034,0.06,0.049
2021-04-23,17.33,67.491,47.7,32.177,95.6,18.358,24.227,0.0,0.013,0.004,0.055,0.088,0.022
2021-04-30,18.61,64.664,46.533,16.892,103.72,23.86,27.352,0.012,-0.002,0.005,0.051,0.099,-0.012
2021-05-07,16.69,73.975,48.167,21.176,87.79,20.865,24.103,-0.014,-0.018,-0.001,0.048,0.106,-0.026
2021-05-14,18.81,59.57,36.0,9.556,46.86,41.118,40.706,-0.004,0.007,0.017,0.07,0.114,-0.036
2021-05-21,20.15,55.448,29.433,10.76,44.21,45.679,45.367,0.012,0.017,0.022,0.069,0.132,-0.061
2021-05-28,16.76,60.499,31.567,10.0,68.3,35.677,34.704,0.005,0.012,0.021,0.073,0.093,-0.011
2021-06-04,16.42,63.904,41.9,24.316,82.27,25.292,28.368,0.004,-0.015,0.027,0.073,0.082,-0.029
2021-06-11,15.65,61.57,51.233,19.549,79.65,25.758,28.611,-0.019,0.008,0.029,0.05,0.099,-0.082
2021-06-18,20.7,33.807,31.6,14.953,98.52,44.549,47.661,0.027,0.045,0.038,0.064,0.121,-0.118
2021-06-25,15.62,56.17,41.633,17.083,70.86,32.731,33.914,0.017,0.024,0.028,0.041,0.104,-0.089
2021-07-02,15.07,60.2,38.667,26.486,91.72,24.394,27.4,0.007,-0.022,0.016,0.001,0.095,-0.12
2021-07-09,16.18,56.724,31.0,15.686,82.54,32.994,33.358,-0.01,0.01,0.014,0.007,0.075,-0.118
2021-07-16,18.45,44.713,26.9,9.362,93.27,40.876,41.102,0.02,0.016,0.035,0.026,0.077,-0.115
2021-07-23,17.2,54.808,28.3,0.0,71.04,41.442,38.589,-0.004,0.006,0.015,0.031,-0.003,-0.101
2021-07-30,18.24,57.197,25.767,12.054,78.39,37.014,36.802,0.009,0.017,0.03,0.046,0.008,-0.063
2021-08-06,16.15,59.914,31.867,4.372,97.72,30.997,29.622,0.007,0.001,0.019,0.055,0.014,-0.067
2021-08-13,15.45,63.275,47.133,5.462,97.55,25.525,25.585,-0.006,0.009,-0.006,0.041,-0.011,-0.038
2021-08-20,18.56,52.157,23.867,-1.923,70.57,45.201,42.835,0.015,0.021,-0.02,0.059,-0.021,-0.068
2021-08-27,16.39,62.328,47.467,6.593,92.83,27.264,27.83,0.006,-0.009,-0.035,0.019,-0.03,-0.106
2021-09-03,16.41,61.756,44.067,10.101,93.95,27.143,28.09,-0.015,-0.039,-0.042,0.001,-0.074,-0.138
2021-09-10,20.95,46.266,20.6,11.667,84.68,44.287,45.741,-0.006,-0.001,-0.022,0.047,-0.057,-0.078
2021-09-17,20.81,42.977,17.933,-16.837,87.02,53.023,53.964,0.005,-0.017,0.012,0.053,0.007,-0.12
2021-09-24,17.75,52.055,23.833,-9.278,77.7,45.092,43.271,-0.022,-0.014,0.025,0.061,0.02,-0.18
2021-10-01,21.1,46.567,18.333,-12.575,55.02,56.69,56.296,0.008,0.026,0.059,0.094,0.043,-0.156
2021-10-08,18.77,51.385,25.267,-11.321,68.6,48.2,46.651,0.018,0.035,0.071,0.065,0.022,-0.177
2021-10-15,16.3,60.339,43.633,6.161,64.46,34.743,33.989,0.016,0.03,0.047,0.043,-0.018,-0.177
2021-10-22,15.43,68.388,59.5,19.139,98.02,16.967,21.247,0.013,0.034,0.03,-0.03,-0.055,-0.164
2021-10-29,16.26,59.868,65.433,10.39,103.35,22.425,26.478,0.02,0.017,-0.008,-0.02,-0.098,-0.159
2021-11-05,16.48,69.31,73.6,15.5,107.99,14.95,21.042,-0.003,0.0,-0.002,-0.045,-0.15,-0.19
2021-11-12,16.29,67.226,74.0,24.0,103.69,13.651,21.426,0.003,-0.006,-0.01,-0.06,-0.144,-0.155
2021-11-19,17.91,52.858,62.771,11.607,102.54,27.336,32.059,-0.009,-0.023,-0.01,-0.084,-0.154,-0.159
2021-11-26,28.62,38.35,31.257,-1.905,103.14,51.921,55.309,-0.012,0.026,0.042,-0.048,-0.095,-0.137
2021-12-03,30.67,40.792,20.157,-15.714,87.87,60.263,64.911,0.038,0.018,0.056,-0.074,-0.092,-0.119
2021-12-10,18.69,54.547,42.0,-0.803,69.46,40.414,39.6,-0.019,0.017,0.0,-0.114,-0.204,-0.153
2021-12-17,21.57,46.541,32.514,-14.078,52.22,55.138,55.314,0.037,0.038,-0.019,-0.035,-0.185,-0.174
2021-12-24,17.96,56.413,50.486,-4.301,67.02,38.625,38.614,0.009,-0.01,-0.078,-0.039,-0.175,-0.186
2021-12-31,17.22,61.323,62.543,7.113,85.71,26.638,29.545,-0.019,-0.022,-0.046,-0.046,-0.196,-0.198
2022-01-07,18.76,55.224,49.257,-0.575,89.54,34.601,35.135,-0.003,-0.057,-0.033,-0.04,-0.183,-0.162
2022-01-14,19.19,53.151,55.8,-13.383,74.78,40.79,43.151,-0.054,-0.032,-0.041,-0.058,-0.156,-0.157
2022-01-21,28.85,30.083,26.729,-25.764,56.73,71.744,73.802,0.008,0.023,-0.021,-0.029,-0.098,-0.087
2022-01-28,27.66,38.132,23.857,-29.804,53.39,69.121,69.297,0.015,-0.003,-0.028,-0.068,-0.071,-0.08
2022-02-04,23.22,46.103,27.6,-17.164,62.54,56.226,57.129,-0.018,-0.034,-0.073,-0.084,-0.08,-0.075
2022-02-11,27.36,45.403,28.486,-11.111,66.8,56.99,59.228,-0.016,-0.01,-0.035,-0.089,-0.027,-0.064
2022-02-18,27.75,42.511,29.514,-23.944,53.49,64.38,66.343,0.006,-0.034,0.037,-0.103,-0.048,-0.082
2022-02-25,27.59,49.649,28.143,-30.275,44.41,64.369,64.093,-0.013,-0.041,0.044,-0.075,-0.075,-0.095
2022-03-04,31.98,47.101,18.171,-11.05,30.3,68.789,71.792,-0.029,0.031,0.059,-0.051,-0.093,-0.079
2022-03-11,30.75,41.703,19.057,-21.778,42.58,70.658,73.961,0.062,0.081,0.05,-0.072,-0.022,-0.068
2022-03-18,23.87,57.996,38.429,-27.313,46.68,54.287,54.219,0.018,0.019,-0.0,-0.177,-0.126,-0.103
2022-03-25,20.81,59.224,49.371,-2.646,52.69,41.93,42.257,0.001,-0.012,-0.081,-0.142,-0.195,-0.126
2022-04-01,19.63,56.409,59.8,4.348,79.72,33.255,36.113,-0.013,-0.034,-0.081,-0.157,-0.191,-0.098
2022-04-08,21.16,52.57,46.086,-16.667,83.41,43.525,45.963,-0.022,-0.043,-0.109,-0.149,-0.195,-0.088
2022-04-15,22.7,48.843,39.857,-32.579,63.29,55.737,54.768,-0.028,-0.059,-0.088,-0.128,-0.184,-0.054
2022-04-22,28.21,41.25,31.629,-25.0,74.05,61.068,63.816,-0.033,-0.035,-0.07,-0.071,-0.122,-0.047
2022-04-29,33.4,36.003,14.329,-42.922,46.25,80.168,80.524,-0.002,-0.026,0.0,-0.003,-0.056,-0.003
2022-05-06,30.19,39.8,12.243,-25.991,31.76,75.79,77.996,-0.024,-0.054,0.009,0.004,-0.086,-0.001
2022-05-13,28.87,40.635,11.286,-24.71,24.31,75.791,77.619,-0.03,0.033,-0.072,0.068,-0.008,0.021
2022-05-20,29.43,37.865,12.657,-24.419,19.51,78.189,80.143,0.066,0.056,-0.036,0.061,0.016,0.063
2022-05-27,25.72,56.528,29.543,-33.648,33.19,62.402,60.185,-0.009,-0.098,-0.082,-0.031,-0.047,0.005
2022-06-03,24.79,51.673,35.457,-5.044,34.33,55.603,55.894,-0.051,-0.106,-0.064,-0.045,-0.009,0.043
2022-06-10,27.75,38.762,40.0,-25.852,50.0,65.332,67.897,-0.058,-0.0,-0.025,0.054,0.009,0.12
2022-06-17,31.13,30.078,16.929,-38.889,32.18,83.526,82.821,0.061,0.043,0.078,0.061,0.048,0.188
2022-06-24,27.23,46.564,30.857,-41.135,18.86,72.653,69.397,-0.022,-0.015,0.002,-0.056,-0.023,0.119
2022-07-01,26.7,44.133,24.571,-23.918,30.66,68.367,68.757,0.008,0.001,0.069,-0.063,0.004,0.162
2022-07-08,24.64,47.335,31.343,-33.427,27.85,66.879,64.55,-0.009,0.016,0.062,-0.04,-0.001,0.138
2022-07-15,24.23,46.71,33.286,-19.638,26.74,63.285,64.304,0.025,0.069,0.112,-0.05,0.035,0.179
2022-07-22,23.03,56.657,42.429,-12.603,44.48,50.319,51.485,0.043,0.046,0.045,-0.075,0.015,0.153
2022-07-29,21.33,66.628,52.4,-12.376,47.21,41.523,42.973,0.004,0.036,-0.024,-0.078,-0.027,0.108
2022-08-05,21.15,64.339,63.314,-8.333,55.28,37.731,40.657,0.033,0.02,-0.057,-0.103,-0.008,0.085
2022-08-12,19.53,73.505,68.029,-4.502,71.59,28.58,31.574,-0.012,-0.052,-0.081,-0.076,-0.033,0.037
2022-08-19,20.6,61.238,63.714,-3.82,64.44,35.848,38.574,-0.04,-0.072,-0.088,-0.067,-0.055,0.038
2022-08-26,25.56,45.358,55.743,-14.682,54.86,53.557,58.123,-0.033,0.013,-0.101,-0.008,-0.022,0.108
2022-09-02,25.47,36.772,42.457,-28.493,32.36,68.395,69.181,0.047,-0.006,-0.034,0.038,0.016,0.138
2022-09-09,22.79,54.228,43.8,-35.202,27.33,60.168,57.775,-0.048,-0.092,-0.112,-0.026,-0.052,0.097
2022-09-16,26.3,38.859,35.286,-19.861,33.86,66.921,69.39,-0.046,-0.074,-0.05,0.006,0.02,0.147
2022-09-23,29.92,28.092,21.686,-43.144,29.59,82.545,80.694,-0.029,-0.015,0.028,0.035,0.077,0.157
2022-09-30,31.62,29.407,16.457,-40.855,12.61,88.201,86.857,0.015,-0.001,0.08,0.071,0.15,0.18
2022-10-07,31.36,39.872,19.671,-30.836,38.11,75.045,76.194,-0.016,0.031,0.046,0.069,0.129,0.197
2022-10-14,32.02,39.451,16.457,-35.562,19.84,81.206,81.109,0.047,0.089,0.104,0.114,0.16,0.221
2022-10-21,29.69,49.961,43.743,-33.616,43.28,63.655,64.949,0.04,0.005,0.053,0.07,0.085,0.132
2022-10-28,25.75,62.416,57.114,-19.075,53.91,46.177,50.948,-0.033,0.024,0.015,0.045,0.056,0.075
2022-11-04,24.55,55.66,56.514,-2.326,55.22,44.369,47.323,0.059,0.052,0.045,0.104,0.092,0.161
2022-11-11,22.52,66.534,63.743,-21.951,53.33,41.32,45.268,-0.007,-0.007,0.007,0.036,0.029,0.126
2022-11-18,23.12,60.677,60.343,-6.762,64.96,39.234,42.743,-0.0,0.008,-0.036,0.006,0.045,0.144
2022-11-25,20.5,65.53,63.086,-11.37,60.29,36.474,39.498,0.011,-0.023,-0.049,-0.014,0.045,0.131
2022-12-02,19.06,64.997,68.143,-15.957,64.36,35.033,38.77,-0.034,-0.054,-0.054,-0.021,0.052,0.122
2022-12-09,22.83,50.875,52.086,-17.091,55.69,50.016,53.071,-0.021,-0.023,0.009,-0.004,0.11,0.18
2022-12-16,22.62,43.408,44.143,-20.319,71.6,52.813,55.709,-0.002,-0.007,0.012,0.039,0.133,0.238
2022-12-23,20.87,46.592,39.514,-32.0,39.35,60.267,58.027,-0.005,0.019,0.056,0.033,0.138,0.244
2022-12-30,21.67,47.528,36.514,-21.131,43.48,57.427,58.007,0.014,0.039,0.073,0.074,0.158,0.225
2023-01-06,21.13,57.261,45.714,-21.474,38.79,51.359,52.214,0.027,0.032,0.069,0.055,0.14,0.221
2023-01-13,18.35,65.139,61.314,-15.901,45.31,39.617,41.493,0.005,0.005,0.034,0.038,0.139,0.185
2023-01-20,19.85,57.505,58.543,-2.1,65.07,37.657,39.292,0.025,0.041,0.006,0.041,0.147,0.225
2023-01-27,18.51,64.306,69.2,-8.309,75.23,30.688,34.038,0.016,0.005,-0.025,0.024,0.127,0.21
2023-02-03,18.33,63.136,76.143,-4.651,78.37,28.213,32.314,-0.011,-0.014,-0.036,-0.0,0.092,0.198
2023-02-10,20.53,54.757,72.486,12.5,85.4,29.012,35.876,-0.003,-0.026,-0.042,0.008,0.098,0.211
2023-02-17,20.02,52.783,69.486,5.294,81.43,32.831,37.588,-0.024,-0.008,-0.019,0.028,0.079,0.221
2023-02-24,21.67,41.68,60.657,-16.941,57.09,51.753,55.868,0.019,-0.027,0.002,0.046,0.11,0.279
2023-03-03,18.49,52.338,55.686,-21.429,47.41,48.205,49.695,-0.045,-0.032,0.019,0.059,0.116,0.255
2023-03-10,24.8,30.262,26.886,-16.896,60.11,65.837,67.587,0.014,0.028,0.064,0.113,0.162,0.34
2023-03-17,25.51,32.775,27.0,-29.182,41.92,71.774,71.182,0.014,0.049,0.061,0.126,0.137,0.322
2023-03-24,21.74,40.161,37.714,-27.933,53.21,60.675,60.183,0.035,0.035,0.025,0.09,0.092,0.31
2023-03-31,18.7,55.881,49.486,-23.1,65.15,44.693,45.404,-0.0,0.01,0.002,0.084,0.044,0.268
2023-04-07,18.4,51.417,55.257,-1.69,72.89,38.656,39.59,0.008,0.007,0.008,0.074,0.05,0.269
2023-04-14,17.07,54.828,65.714,-8.43,58.71,38.43,40.455,-0.001,0.008,-0.0,0.093,0.046,0.221
2023-04-21,16.77,54.495,63.514,-7.911,78.26,34.783,36.916,0.009,0.001,0.014,0.102,0.022,0.227
2023-04-28,15.78,54.606,59.429,-14.368,50.81,41.941,42.826,-0.008,-0.011,0.009,0.101,-0.012,0.208
2023-05-05,17.19,48.722,53.886,-20.816,67.01,45.371,46.918,-0.003,0.013,0.036,0.092,0.054,0.254
2023-05-12,17.03,43.929,57.343,-11.832,65.22,45.074,46.621,0.016,0.02,0.059,0.089,0.071,0.272
2023-05-19,16.81,50.402,65.457,-16.835,59.0,42.552,45.292,0.003,0.02,0.041,0.05,0.077,0.269
2023-05-26,17.95,45.556,65.714,-12.308,65.51,43.304,46.45,0.016,0.032,0.041,0.054,0.082,0.252
2023-06-02,14.6,56.029,75.429,-7.77,53.92,34.915,37.163,0.004,0.03,0.038,0.055,0.073,0.236
2023-06-09,13.83,59.63,76.971,20.249,90.07,18.021,24.431,0.026,0.007,0.04,0.044,0.071,0.25
2023-06-16,13.54,68.762,81.257,22.484,81.66,13.515,20.307,-0.018,0.01,0.035,0.01,0.07,0.244
2023-06-23,13.44,51.869,75.714,15.102,83.6,24.456,29.53,0.023,0.014,0.05,-0.007,0.092,0.258
2023-06-30,13.59,67.135,79.486,14.458,75.93,17.871,22.821,-0.009,0.016,0.028,-0.036,0.072,0.238
2023-07-07,14.83,59.692,77.686,21.907,83.11,19.539,26.557,0.024,0.031,0.027,-0.032,0.068,0.268
2023-07-14,13.34,66.779,79.8,15.126,93.34,14.158,19.716,0.007,0.017,-0.003,-0.035,0.062,0.258
2023-07-21,13.6,71.467,81.029,29.864,99.05,7.661,16.38,0.01,-0.013,-0.03,-0.057,0.069,0.225
2023-07-28,13.33,66.771,76.914,20.79,101.82,11.984,18.413,-0.023,-0.026,-0.032,-0.097,0.075,0.186
2023-08-04,17.1,48.033,64.5,27.665,78.46,29.118,36.361,-0.003,-0.024,0.004,-0.036,0.104,0.17
2023-08-11,14.84,47.561,65.029,19.198,65.49,32.345,36.76,-0.021,-0.013,-0.0,-0.026,0.125,0.217
2023-08-18,17.3,32.36,43.657,5.753,59.87,50.462,50.586,0.008,0.033,0.017,0.032,0.139,0.281
2023-08-25,15.68,38.182,47.029,-3.661,34.36,53.175,51.308,0.025,0.019,-0.03,0.035,0.153,0.277
2023-09-01,13.09,54.175,55.029,-1.439,61.19,35.807,34.18,-0.006,-0.014,-0.063,0.017,0.125,0.222
2023-09-08,13.84,42.062,51.914,12.603,49.73,41.804,42.29,-0.002,-0.031,-0.027,0.029,0.148,0.233
2023-09-15,13.79,44.079,52.029,5.195,57.98,40.938,40.183,-0.029,-0.036,-0.017,0.06,0.157,0.266
2023-09-22,17.2,29.345,33.157,-3.308,54.33,57.044,55.104,-0.007,-0.003,-0.024,0.099,0.208,0.327
2023-09-29,17.52,31.843,28.4,-13.151,43.01,62.027,60.194,0.005,0.009,-0.028,0.112,0.214,0.331
2023-10-06,17.45,34.699,27.714,-11.48,36.21,61.628,59.275,0.004,-0.02,0.013,0.106,0.209,0.335
2023-10-13,19.32,39.019,26.271,3.514,45.8,55.426,53.514,-0.024,-0.049,0.019,0.101,0.167,0.344
2023-10-20,21.71,33.111,22.857,-0.55,66.67,57.612,56.79,-0.025,0.032,0.077,0.152,0.2,0.385
2023-10-27,21.27,28.014,21.614,-13.896,24.82,70.809,69.887,0.059,0.072,0.106,0.196,0.223,0.417
2023-11-03,14.91,57.047,36.114,-25.967,29.17,51.99,47.996,0.013,0.036,0.048,0.137,0.19,0.327
2023-11-10,14.17,53.953,41.457,15.385,61.76,35.084,35.133,0.022,0.031,0.052,0.122,0.188,0.355
2023-11-17,13.8,64.868,58.857,15.676,72.06,23.749,25.933,0.008,0.012,0.056,0.104,0.179,0.311
2023-11-24,12.46,67.672,66.857,21.652,77.95,17.118,21.213,0.008,0.01,0.047,0.114,0.164,0.313
2023-12-01,12.63,75.194,64.514,29.193,81.38,13.973,19.297,0.002,0.027,0.024,0.105,0.152,0.317
2023-12-08,12.35,71.099,65.943,19.892,76.09,16.87,20.333,0.025,0.033,0.039,0.124,0.167,0.311
2023-12-15,12.28,77.182,69.457,31.988,77.97,12.717,19.068,0.008,0.005,0.013,0.097,0.163,0.282
2023-12-22,13.03,71.256,79.743,32.033,97.32,7.315,16.058,-0.002,0.0,0.029,0.094,0.152,0.27
2023-12-29,12.45,70.552,80.714,21.266,102.71,8.862,15.466,-0.001,-0.001,0.016,0.091,0.155,0.233
2024-01-05,13.35,59.433,75.771,25.065,70.95,20.637,27.046,0.018,0.033,0.055,0.108,0.187,0.258
2024-01-12,12.7,57.416,73.086,24.422,80.18,20.034,25.996,0.014,0.03,0.035,0.058,0.185,0.244
2024-01-19,13.3,55.508,72.829,13.615,53.54,29.497,32.813,0.011,0.025,0.028,0.026,0.15,0.258
2024-01-26,13.26,60.447,73.8,13.171,84.13,20.798,24.948,0.014,0.028,0.038,0.043,0.117,0.235
2024-02-02,13.85,58.962,74.6,24.533,87.36,18.315,25.15,0.014,0.009,0.024,0.034,0.046,0.222
2024-02-09,12.93,60.373,75.429,26.462,93.77,15.023,22.148,-0.004,0.009,0.03,0.039,0.063,0.204
2024-02-16,14.24,59.058,73.486,15.404,95.58,19.407,24.707,0.013,0.025,0.035,0.059,0.12,0.222
2024-02-23,13.75,64.46,73.343,18.072,74.7,19.893,24.735,0.009,0.007,0.025,0.035,0.107,0.17
2024-03-01,13.11,68.903,76.829,25.159,88.99,11.888,18.681,-0.003,-0.004,0.013,0.027,0.1,0.137
2024-03-08,14.74,70.196,70.029,29.968,93.99,11.661,19.151,-0.001,0.022,0.017,0.044,0.068,0.093
2024-03-15,14.41,60.031,68.629,24.012,104.75,16.977,23.408,0.023,0.025,-0.013,0.061,0.101,0.109
2024-03-22,13.06,66.234,69.514,16.012,93.22,16.09,20.212,0.002,-0.006,-0.031,0.041,0.093,0.091
2024-03-29,13.01,72.507,68.771,27.551,103.88,10.079,16.417,-0.01,-0.025,-0.026,0.039,0.092,0.072
2024-04-05,16.03,55.362,58.1,25.065,84.24,25.464,30.834,-0.016,-0.046,-0.005,0.071,0.105,-0.043
2024-04-12,17.31,38.935,45.014,19.399,81.92,39.089,42.499,-0.03,-0.005,0.019,0.099,0.135,0.053
2024-04-19,18.71,35.267,27.671,4.313,62.98,52.951,51.708,0.027,0.032,0.069,0.12,0.181,0.082
2024-04-26,15.03,47.202,40.514,-1.8,59.48,44.014,41.58,0.005,0.024,0.04,0.071,0.139,0.092
2024-05-03,13.49,50.35,43.257,5.994,61.97,38.346,36.591,0.019,0.034,0.032,0.011,0.117,0.098
2024-05-10,12.55,61.894,46.029,17.007,91.55,22.679,23.576,0.015,0.016,0.029,0.023,0.148,0.128
2024-05-17,11.99,67.197,62.8,17.608,89.25,16.59,19.476,0.0,-0.004,0.035,0.058,0.107,0.102
2024-05-24,11.93,53.164,51.743,20.724,94.45,23.999,26.374,-0.004,0.011,0.033,0.059,0.125,0.115
2024-05-31,12.92,52.934,48.429,12.329,92.21,27.98,28.61,0.013,0.029,0.044,0.07,0.143,0.131
2024-06-07,12.22,48.171,43.4,6.985,68.65,36.915,35.124,0.016,0.019,0.054,0.023,0.139,0.126
2024-06-14,12.66,44.587,41.114,18.919,86.3,32.965,34.04,0.003,0.008,0.029,0.037,0.114,0.101
2024-06-21,13.2,53.304,39.057,21.865,85.26,28.875,30.27,-0.001,0.02,0.017,0.044,0.074,0.115
2024-06-28,12.44,49.535,44.314,16.142,85.44,30.561,31.194,0.021,0.031,-0.004,0.051,0.093,0.14
2024-07-05,12.48,47.129,49.714,15.652,103.66,27.922,29.536,0.009,-0.011,-0.068,0.024,0.067,0.125
2024-07-12,12.46,68.816,54.371,27.459,93.84,14.413,18.25,-0.02,-0.028,-0.048,0.029,0.039,0.115
2024-07-19,16.52,58.639,43.0,29.304,87.94,25.395,29.893,-0.008,-0.029,0.019,0.061,0.099,0.155
2024-07-26,16.39,59.924,42.543,11.439,76.7,31.465,32.034,-0.021,-0.021,0.029,0.064,0.111,0.166
2024-08-02,23.39,46.589,41.386,19.685,83.93,39.857,45.203,-0.0,0.039,0.034,0.067,0.129,0.187
2024-08-09,20.37,49.314,24.086,3.089,75.33,45.666,44.641,0.039,0.054,0.028,0.118,0.136,0.21
2024-08-16,14.8,59.582,33.743,13.651,56.57,35.734,34.596,0.014,0.017,0.014,0.071,0.106,0.152
2024-08-23,15.86,65.679,51.571,27.957,74.68,22.678,27.04,0.002,-0.029,0.017,0.056,0.057,0.15
2024-08-30,15.0,68.405,60.314,24.186,81.34,18.563,23.27,-0.031,-0.003,0.011,0.068,0.034,0.151
2024-09-06,22.38,47.54,39.343,20.415,70.65,41.542,45.998,0.04,0.054,0.053,0.123,0.03,0.208
2024-09-13,16.56,61.606,48.629,8.843,71.93,31.132,31.711,0.014,0.02,0.042,0.076,-0.002,0.173
2024-09-20,16.15,65.386,61.2,24.423,87.46,19.434,25.028,0.006,0.009,0.027,0.029,0.013,0.164
2024-09-27,16.96,68.192,67.314,25.94,86.64,17.171,24.179,0.002,0.013,0.015,0.041,-0.018,0.17
2024-10-04,19.21,62.934,71.4,18.182,86.93,22.471,29.6,0.011,0.02,-0.007,0.039,-0.134,0.174
2024-10-11,20.46,63.83,71.657,28.459,90.26,19.63,29.355,0.009,-0.001,0.032,0.005,-0.072,0.147
2024-10-18,18.03,66.476,72.429,20.076,81.68,20.229,27.165,-0.01,-0.023,0.005,0.038,-0.083,0.142
2024-10-25,20.33,49.169,58.743,7.787,79.13,36.844,40.653,-0.014,0.032,0.031,0.04,-0.041,0.186
2024-11-01,21.88,42.277,50.486,8.584,82.53,42.169,45.804,0.047,0.025,0.056,0.058,-0.017,0.186
2024-11-08,14.94,68.293,59.429,13.971,88.31,19.913,22.7,-0.021,-0.004,0.007,0.009,-0.017,0.143
2024-11-15,16.14,52.366,51.2,21.495,91.6,27.84,31.846,0.017,0.03,0.031,0.042,-0.004,0.131
2024-11-22,15.24,65.563,60.714,8.065,91.33,22.108,24.215,0.013,0.014,0.012,-0.018,-0.01,0.141
2024-11-29,13.51,69.709,65.0,-1.594,98.93,18.836,19.594,0.01,0.003,-0.025,-0.031,-0.01,0.135
2024-12-06,12.77,56.913,52.143,17.667,85.49,25.15,26.932,-0.006,-0.026,-0.028,-0.081,-0.011,0.131
2024-12-13,13.81,42.993,49.114,11.667,99.24,32.209,33.591,-0.02,-0.024,-0.019,-0.062,-0.012,0.111
2024-12-20,18.36,33.934,27.6,9.286,82.5,48.235,48.429,-0.004,-0.004,0.029,-0.037,0.035,0.169
2024-12-27,15.95,38.254,33.829,3.659,80.39,44.936,43.57,0.001,-0.021,0.017,-0.057,0.043,0.146
2025-01-03,16.13,41.135,28.886,1.266,64.1,48.469,45.635,-0.018,0.018,0.02,-0.148,0.054,0.165
2025-01-10,19.54,32.929,25.629,-2.698,65.38,56.394,54.796,0.029,0.032,0.041,-0.08,0.072,0.195
2025-01-17,15.97,57.548,36.029,-15.143,70.21,41.599,40.299,0.003,-0.0,0.025,-0.14,0.052,0.147
2025-01-24,14.85,61.826,45.8,14.0,86.08,26.247,27.279,-0.01,-0.012,-0.024,-0.094,0.047,0.144
2025-01-31,16.43,55.305,43.771,6.928,68.28,36.37,36.07,-0.002,0.012,-0.043,-0.059,0.048,0.145
2025-02-07,16.54,50.689,38.371,-9.524,84.91,40.623,39.911,0.015,-0.007,-0.075,-0.061,0.058,0.152
2025-02-14,14.77,53.688,43.686,-18.852,75.62,40.987,40.594,-0.021,-0.043,-0.082,-0.026,0.055,0.125
2025-02-21,18.21,46.627,36.971,-11.272,91.48,43.25,43.5,-0.01,-0.04,-0.041,-0.028,0.075,0.146
2025-02-28,19.63,49.356,20.657,-41.231,87.87,54.067,49.506,-0.031,-0.053,-0.058,-0.007,0.085,0.145
2025-03-07,23.37,42.593,17.643,-37.778,74.96,62.749,60.195,-0.023,-0.018,-0.123,0.04,0.126,0.175
2025-03-14,21.77,39.455,22.057,-40.127,68.8,64.08,59.942,0.005,-0.01,-0.041,0.06,0.173,0.191
2025-03-21,19.28,43.751,22.686,-36.538,64.64,59.994,55.469,-0.015,-0.105,-0.067,0.063,0.181,0.157
2025-03-28,21.65,41.114,26.371,-24.731,57.55,60.735,59.934,-0.091,-0.039,-0.004,0.112,0.194,0.17
2025-04-04,45.31,24.159,5.386,-40.155,49.37,89.049,91.607,0.057,0.017,0.105,0.227,0.328,0.337
2025-04-11,37.56,41.779,8.386,-30.418,56.96,76.903,81.432,-0.038,0.031,0.098,0.164,0.241,0.309
2025-04-18,29.65,43.506,16.057,-31.422,35.16,73.466,73.858,0.046,0.076,0.129,0.194,0.261,0.337
2025-04-25,24.84,51.403,34.514,-33.618,40.67,61.838,60.152,0.029,0.024,0.072,0.156,0.229,0.292
2025-05-02,22.68,58.163,38.286,-38.348,59.92,53.493,50.577,-0.005,0.048,0.05,0.113,0.203,0.277
2025-05-09,21.9,58.587,60.029,-22.086,81.06,40.081,44.237,0.053,0.025,0.067,0.126,0.189,0.308
2025-05-16,17.24,68.294,70.6,-8.475,70.56,28.483,31.314,-0.026,-0.004,0.004,0.082,0.13,0.234
2025-05-23,22.29,52.825,64.086,0.984,80.87,36.701,40.705,0.023,0.035,0.05,0.11,0.138,0.296
2025-05-30,18.57,56.159,61.914,-8.97,88.41,33.791,36.753,0.015,0.011,0.048,0.093,0.159,0.287
2025-06-06,16.77,60.561,61.771,-8.754,81.62,31.637,33.538,-0.004,0.004,0.044,0.082,0.145,0.231
2025-06-13,20.82,53.5,59.543,3.077,82.66,35.34,38.543,0.008,0.038,0.048,0.107,0.142,0.257
2025-06-20,20.62,53.412,54.514,-8.209,94.09,36.783,39.637,0.034,0.044,0.057,0.117,0.135,0.234
2025-06-27,16.32,62.591,64.8,-5.208,81.41,28.85,30.652,0.009,0.015,0.032,0.076,0.123,0.215
2025-07-04,16.38,71.663,77.629,11.897,99.3,14.769,20.676,-0.003,0.003,0.008,0.069,0.092,0.195
2025-07-11,16.4,63.435,75.257,5.747,86.28,22.681,26.83,0.006,0.021,0.018,0.076,0.113,0.205
2025-07-18,16.41,59.6,73.943,0.282,83.69,26.753,29.672,0.015,-0.009,0.024,0.053,0.102,0.193
2025-07-25,14.93,66.451,74.657,2.736,81.07,22.038,24.706,-0.024,0.0,0.008,0.055,0.088,
2025-08-01,20.38,43.446,49.8,7.333,76.85,42.099,44.611,0.024,0.034,0.028,0.094,0.118,
2025-08-08,15.15,48.776,58.371,-8.357,96.26,34.025,35.49,0.009,0.012,0.019,0.052,0.09,
2025-08-15,15.09,56.139,63.543,-16.272,85.66,33.365,35.755,0.003,0.002,0.024,0.045,0.061,
2025-08-22,14.22,65.256,55.543,-13.961,98.15,26.71,27.529,-0.001,0.004,0.029,0.011,0.065,
2025-08-29,15.36,60.572,61.543,-4.844,92.94,27.428,28.739,0.005,0.024,0.035,0.06,0.055,
2025-09-05,15.18,58.337,58.686,-10.68,81.58,32.72,33.766,0.016,0.028,0.04,0.058,0.049,
2025-09-12,14.76,57.267,61.343,-21.453,86.11,34.21,36.097,0.012,0.009,0.011,0.048,0.017,
2025-09-19,15.45,57.23,66.229,-0.694,84.76,28.825,30.334,-0.003,0.008,0.011,0.017,-0.013,
2025-09-26,15.29,56.03,51.286,2.518,86.24,31.2,30.956,0.011,-0.014,0.035,0.043,-0.045,
2025-10-03,16.65,65.765,52.571,3.75,80.66,27.855,28.161,-0.024,-0.008,0.02,0.028,-0.015,
2025-10-10,21.66,37.254,30.143,10.231,84.57,47.773,49.69,0.017,0.037,0.043,0.065,0.063,
2025-10-17,20.78,48.983,22.329,-12.418,84.87,48.445,48.48,0.019,0.026,0.001,0.02,0.06,
2025-10-24,16.37,58.223,32.457,-5.802,90.35,35.899,34.154,0.007,-0.009,-0.013,0.028,0.051,
2025-10-31,17.44,46.11,34.457,7.167,100.83,37.148,37.504,-0.016,-0.016,-0.002,0.011,0.061,
2025-11-07,19.08,47.18,20.429,1.695,90.06,43.946,42.882,0.001,-0.019,0.017,0.032,0.1,
2025-11-14,19.83,46.035,22.057,-17.526,87.87,49.972,50.263,-0.019,0.012,0.01,0.022,0.092,
2025-11-21,23.43,45.787,5.657,-10.985,86.56,54.574,55.609,0.032,0.037,0.046,0.052,0.139,
2025-11-28,16.35,60.421,21.771,-10.676,89.92,38.228,36.273,0.003,-0.003,0.007,-0.005,0.111,
2025-12-05,15.41,60.542,38.143,13.495,98.57,26.449,27.213,-0.006,-0.005,0.007,-0.013,0.075,
2025-12-12,15.74,60.496,39.286,14.013,97.13,26.637,27.708,0.001,0.011,0.015,-0.016,0.1,
2025-12-19,14.91,57.563,44.2,10.938,100.7,26.723,27.543,0.01,0.016,0.012,-0.041,0.077,
2025-12-26,13.6,61.803,54.857,2.643,95.08,24.593,24.353,-0.004,0.007,0.007,-0.085,0.082,
2026-01-02,14.51,55.91,45.229,15.044,92.93,27.445,28.84,0.016,0.012,0.009,-0.036,0.094,
2026-01-09,14.49,65.02,54.114,12.46,97.72,20.787,22.689,-0.004,-0.002,-0.004,-0.011,0.083,
2026-01-16,15.86,66.982,63.771,21.262,96.01,16.994,22.456,0.001,0.005,-0.008,0.024,0.082,
2026-01-23,16.09,60.01,54.886,10.432,88.46,26.639,28.737,0.003,0.002,-0.004,0.036,,
2026-01-30,17.44,56.099,58.6,13.6,92.58,27.2,31.208,-0.001,-0.015,-0.018,0.042,,
2026-02-06,20.37,64.618,45.371,10.667,84.93,29.943,32.349,-0.014,-0.014,-0.022,0.067,,
2026-02-13,20.6,61.63,33.843,0.389,80.61,37.34,36.591,0.0,0.007,-0.018,0.084,,
2026-02-20,19.09,63.522,42.343,-2.41,82.87,33.863,33.561,-0.004,-0.025,-0.048,0.078,,
2026-02-27,19.86,63.038,41.171,-6.557,74.93,37.514,37.53,-0.02,-0.036,-0.078,0.102,,
2026-03-06,29.49,40.383,25.257,-2.479,79.29,57.012,59.495,-0.016,-0.035,-0.018,0.096,,
2026-03-13,27.19,31.167,16.671,-14.449,66.99,67.146,70.164,-0.019,-0.04,0.051,0.121,,
2026-03-20,26.78,29.683,8.4,-21.6,60.24,72.229,75.123,-0.021,0.016,0.086,0.149,,
2026-03-27,31.05,32.117,8.171,-17.695,68.52,71.634,76.554,0.038,0.081,0.121,0.168,,
2026-04-03,23.87,47.023,18.286,-17.857,68.36,57.102,58.651,0.036,0.083,0.094,0.145,,
2026-04-10,19.23,55.044,38.057,-7.24,69.38,42.965,42.502,0.045,0.051,0.087,0.102,,
2026-04-17,17.48,68.259,68.571,-11.058,79.49,27.937,31.059,0.005,0.015,0.039,0.045,,
2026-04-24,18.71,62.555,65.4,11.628,94.15,23.698,28.707,0.009,0.033,0.049,,,
2026-05-01,16.99,61.575,71.171,-1.556,93.79,25.174,28.25,0.023,0.025,0.053,,,
2026-05-08,17.19,61.272,67.286,5.364,96.67,23.939,27.521,0.001,0.01,-0.002,,,
2026-05-15,18.43,50.248,63.229,2.712,77.34,35.677,38.333,0.009,0.026,0.014,,,
2026-05-22,16.7,63.865,58.229,-11.894,82.02,31.349,32.907,0.017,-0.009,-0.015,,,
2026-05-29,15.32,68.565,60.457,-6.296,98.39,22.893,24.12,-0.026,-0.02,-0.011,,,
2026-06-05,21.51,57.676,41.857,-0.733,86.82,37.402,38.118,0.006,0.012,0.013,,,
2026-06-12,17.68,63.675,33.514,-17.29,79.27,38.985,38.401,0.006,0.001,0.019,,,
2026-06-19,16.4,55.969,37.343,-2.778,92.83,34.818,33.459,-0.02,0.005,0.001,,,
2026-06-26,18.41,56.753,24.657,8.811,98.59,34.35,34.137,0.025,0.022,,,,
2026-07-03,16.15,66.02,32.543,-10.909,84.69,34.235,32.495,0.012,-0.003,,,,
2026-07-10,15.03,60.934,46.829,-0.93,82.95,30.974,29.481,-0.016,,,,,
2026-07-17,18.77,55.309,37.229,12.037,95.64,32.598,34.348,,,,,,
